$version Generated by Wokwi.com $end
$date Mon, 03 Aug 2026 12:22:25 GMT $end
$timescale 1ns $end
$scope module logic $end
$var wire 1 ! D0 $end
$var wire 1 " D1 $end
$var wire 1 # D2 $end
$upscope $end
$enddefinitions $end
#0
#2830707104
0#
#2830778592
1#
#2831356192
0!
#2831357410
0"
#2831357410
1!
#2831358628
1"
#2831359846
0"
#2831359846
0!
#2831361064
1"
#2831362282
0"
#2831363500
1"
#2831364718
0"
#2831365936
1"
#2831367154
0"
#2831368372
1"
#2831369590
0"
#2831370808
1"
#2831372026
0"
#2831373244
1"
#2831374462
0"
#2831375680
1"
#2831376898
0"
#2831378116
1"
#2831379334
0"
#2831379334
1!
#2831391988
0!
#2831393206
1"
#2831394424
0"
#2831395642
1"
#2831396860
0"
#2831398078
1"
#2831399296
0"
#2831400514
1"
#2831401732
0"
#2831402950
1"
#2831404168
0"
#2831405386
1"
#2831406604
0"
#2831407822
1"
#2831409040
0"
#2831410258
1"
#2831411476
0"
#2831412694
1"
#2831413912
0"
#2831413912
1!
#2831413912
0!
#2831415130
1"
#2831416348
0"
#2831417566
1"
#2831418784
0"
#2831420002
1"
#2831421220
0"
#2831421220
1!
#2831422438
1"
#2831423656
0"
#2831423656
0!
#2831424874
1"
#2831426092
0"
#2831427310
1"
#2831428528
0"
#2831429746
1"
#2831430964
0"
#2831430964
1!
#2831432182
1"
#2831433400
0"
#2831433400
0!
#2831434618
1"
#2831435836
0"
#2831435836
1!
#2831452225
0!
#2831453443
1"
#2831454661
1!
#2831584696
0!
#2831585914
0"
#2831585914
1!
#2831587132
1"
#2831588350
0"
#2831588350
0!
#2831589568
1"
#2831590786
0"
#2831592004
1"
#2831593222
0"
#2831594440
1"
#2831595658
0"
#2831596876
1"
#2831598094
0"
#2831599312
1"
#2831600530
0"
#2831601748
1"
#2831602966
0"
#2831604184
1"
#2831605402
0"
#2831606620
1"
#2831607838
0"
#2831607838
1!
#2831625472
1"
#2831626690
0"
#2831627908
1"
#2831629126
0"
#2831630344
1"
#2831631562
0"
#2831632780
1"
#2831633998
0"
#2831635216
1"
#2831636434
0"
#2831637652
1"
#2831638870
0"
#2831640088
1"
#2831641306
0"
#2831641306
0!
#2831642524
1"
#2831643742
0"
#2831644960
1"
#2831646178
0"
#2831646178
1!
#2831646178
0!
#2831647396
1"
#2831648614
0"
#2831648614
1!
#2831649832
1"
#2831651050
0"
#2831652268
1"
#2831653486
0"
#2831654704
1"
#2831655922
0"
#2831657140
1"
#2831658358
0"
#2831658358
0!
#2831659576
1"
#2831660794
0"
#2831662012
1"
#2831663230
0"
#2831663230
1!
#2831664448
1"
#2831665666
0"
#2831665666
0!
#2831666884
1"
#2831668102
0"
#2831668102
1!
#2831675517
0!
#2831676735
1"
#2831677953
1!
#2831833817
0!
#2831835035
0"
#2831835035
1!
#2831836253
1"
#2831837471
0"
#2831837471
0!
#2831838689
1"
#2831839907
0"
#2831841125
1"
#2831842343
0"
#2831843561
1"
#2831844779
0"
#2831845997
1"
#2831847215
0"
#2831848433
1"
#2831849651
0"
#2831850869
1"
#2831852087
0"
#2831853305
1"
#2831854523
0"
#2831855741
1"
#2831856959
0"
#2831856959
1!
#2831865433
0!
#2831866651
1"
#2831867869
0"
#2831869087
1"
#2831870305
0"
#2831871523
1"
#2831872741
0"
#2831873959
1"
#2831875177
0"
#2831876395
1"
#2831877613
0"
#2831878831
1"
#2831880049
0"
#2831881267
1"
#2831882485
0"
#2831883703
1"
#2831884921
0"
#2831886139
1"
#2831887357
0"
#2831887357
1!
#2831888575
1"
#2831889793
0"
#2831889793
0!
#2831891011
1"
#2831892229
0"
#2831892229
1!
#2831893447
1"
#2831894665
0"
#2831894665
0!
#2831895883
1"
#2831897101
0"
#2831898319
1"
#2831899537
0"
#2831900755
1"
#2831901973
0"
#2831903191
1"
#2831904409
0"
#2831904409
1!
#2831905627
1"
#2831906845
0"
#2831906845
0!
#2831908063
1"
#2831909281
0"
#2831909281
1!
#2831910796
0!
#2831912014
1"
#2831913232
1!
#2833155529
0!
#2833156747
0"
#2833156747
1!
#2833157965
1"
#2833159183
0"
#2833159183
0!
#2833160401
1"
#2833161619
0"
#2833162837
1"
#2833164055
0"
#2833165273
1"
#2833166491
0"
#2833167709
1"
#2833168927
0"
#2833170145
1"
#2833171363
0"
#2833171363
1!
#2833172581
1"
#2833173799
0"
#2833173799
0!
#2833175017
1"
#2833176235
0"
#2833177453
1"
#2833178671
0"
#2833178671
1!
#2833191838
0!
#2833193056
1"
#2833194274
0"
#2833195492
1"
#2833196710
0"
#2833197928
1"
#2833199146
0"
#2833200364
1"
#2833201582
0"
#2833202800
1"
#2833204018
0"
#2833205236
1"
#2833206454
0"
#2833207672
1"
#2833208890
0"
#2833210108
1"
#2833211326
0"
#2833212544
1"
#2833213762
0"
#2833213762
1!
#2833213762
0!
#2833214980
1"
#2833216198
0"
#2833217416
1"
#2833218634
0"
#2833219852
1"
#2833221070
0"
#2833221070
1!
#2833222288
1"
#2833223506
0"
#2833223506
0!
#2833224724
1"
#2833225942
0"
#2833227160
1"
#2833228378
0"
#2833229596
1"
#2833230814
0"
#2833230814
1!
#2833232032
1"
#2833233250
0"
#2833233250
0!
#2833234468
1"
#2833235686
0"
#2833235686
1!
#2833243192
0!
#2833244410
1"
#2833245628
1!
#2833305429
0!
#2833306647
0"
#2833306647
1!
#2833307865
1"
#2833309083
0"
#2833309083
0!
#2833310301
1"
#2833311519
0"
#2833312737
1"
#2833313955
0"
#2833315173
1"
#2833316391
0"
#2833317609
1"
#2833318827
0"
#2833320045
1"
#2833321263
0"
#2833321263
1!
#2833322481
1"
#2833323699
0"
#2833323699
0!
#2833324917
1"
#2833326135
0"
#2833327353
1"
#2833328571
0"
#2833328571
1!
#2833336722
1"
#2833337940
0"
#2833339158
1"
#2833340376
0"
#2833341594
1"
#2833342812
0"
#2833344030
1"
#2833345248
0"
#2833346466
1"
#2833347684
0"
#2833348902
1"
#2833350120
0"
#2833351338
1"
#2833352556
0"
#2833352556
0!
#2833353774
1"
#2833354992
0"
#2833356210
1"
#2833357428
0"
#2833357428
1!
#2833357428
0!
#2833358646
1"
#2833359864
0"
#2833359864
1!
#2833361082
1"
#2833362300
0"
#2833363518
1"
#2833364736
0"
#2833365954
1"
#2833367172
0"
#2833368390
1"
#2833369608
0"
#2833369608
0!
#2833370826
1"
#2833372044
0"
#2833373262
1"
#2833374480
0"
#2833374480
1!
#2833375698
1"
#2833376916
0"
#2833376916
0!
#2833378134
1"
#2833379352
0"
#2833379352
1!
#2833395646
0!
#2833396864
1"
#2833398082
1!
#2833464038
0!
#2833465256
0"
#2833465256
1!
#2833466474
1"
#2833467692
0"
#2833467692
0!
#2833468910
1"
#2833470128
0"
#2833471346
1"
#2833472564
0"
#2833473782
1"
#2833475000
0"
#2833476218
1"
#2833477436
0"
#2833478654
1"
#2833479872
0"
#2833479872
1!
#2833481090
1"
#2833482308
0"
#2833482308
0!
#2833483526
1"
#2833484744
0"
#2833485962
1"
#2833487180
0"
#2833487180
1!
#2833491154
0!
#2833492372
1"
#2833493590
0"
#2833494808
1"
#2833496026
0"
#2833497244
1"
#2833498462
0"
#2833499680
1"
#2833500898
0"
#2833502116
1"
#2833503334
0"
#2833504552
1"
#2833505770
0"
#2833506988
1"
#2833508206
0"
#2833509424
1"
#2833510642
0"
#2833511860
1"
#2833513078
0"
#2833513078
1!
#2833514296
1"
#2833515514
0"
#2833515514
0!
#2833516732
1"
#2833517950
0"
#2833517950
1!
#2833519168
1"
#2833520386
0"
#2833520386
0!
#2833521604
1"
#2833522822
0"
#2833524040
1"
#2833525258
0"
#2833526476
1"
#2833527694
0"
#2833528912
1"
#2833530130
0"
#2833530130
1!
#2833531348
1"
#2833532566
0"
#2833532566
0!
#2833533784
1"
#2833535002
0"
#2833535002
1!
#2833544458
0!
#2833545676
1"
#2833546894
1!
#2834332967
0!
#2834334185
0"
#2834334185
1!
#2834335403
1"
#2834336621
0"
#2834336621
0!
#2834337839
1"
#2834339057
0"
#2834340275
1"
#2834341493
0"
#2834342711
1"
#2834343929
0"
#2834345147
1"
#2834346365
0"
#2834347583
1"
#2834348801
0"
#2834350019
1"
#2834351237
0"
#2834352455
1"
#2834353673
0"
#2834354891
1"
#2834356109
0"
#2834356109
1!
#2834372771
0!
#2834373989
1"
#2834375207
0"
#2834376425
1"
#2834377643
0"
#2834378861
1"
#2834380079
0"
#2834381297
1"
#2834382515
0"
#2834383733
1"
#2834384951
0"
#2834384951
1!
#2834386169
1"
#2834387387
0"
#2834388605
1"
#2834389823
0"
#2834389823
0!
#2834391041
1"
#2834392259
0"
#2834393477
1"
#2834394695
0"
#2834394695
1!
#2834394695
0!
#2834395913
1"
#2834397131
0"
#2834398349
1"
#2834399567
0"
#2834400785
1"
#2834402003
0"
#2834403221
1"
#2834404439
0"
#2834405657
1"
#2834406875
0"
#2834408093
1"
#2834409311
0"
#2834410529
1"
#2834411747
0"
#2834412965
1"
#2834414183
0"
#2834415401
1"
#2834416619
0"
#2834416619
1!
#2834416619
0!
#2834417837
1"
#2834419055
0"
#2834420273
1"
#2834421491
0"
#2834422709
1"
#2834423927
0"
#2834425145
1"
#2834426363
0"
#2834427581
1"
#2834428799
0"
#2834430017
1"
#2834431235
0"
#2834432453
1"
#2834433671
0"
#2834434889
1"
#2834436107
0"
#2834437325
1"
#2834438543
0"
#2834438543
1!
#2834438543
0!
#2834439761
1"
#2834440979
0"
#2834442197
1"
#2834443415
0"
#2834443415
1!
#2834444633
1"
#2834445851
0"
#2834447069
1"
#2834448287
0"
#2834448287
0!
#2834449505
1"
#2834450723
0"
#2834451941
1"
#2834453159
0"
#2834453159
1!
#2834454377
1"
#2834455595
0"
#2834456813
1"
#2834458031
0"
#2834458031
0!
#2834459249
1"
#2834460467
0"
#2834460467
1!
#2834460467
0!
#2834461685
1"
#2834462903
0"
#2834464121
1"
#2834465339
0"
#2834466557
1"
#2834467775
0"
#2834468993
1"
#2834470211
0"
#2834471429
1"
#2834472647
0"
#2834473865
1"
#2834475083
0"
#2834476301
1"
#2834477519
0"
#2834477519
1!
#2834478737
1"
#2834479955
0"
#2834479955
0!
#2834481173
1"
#2834482391
0"
#2834482391
1!
#2834498800
0!
#2834500018
1"
#2834501236
1!
#2834563813
0!
#2834565031
0"
#2834565031
1!
#2834566249
1"
#2834567467
0"
#2834567467
0!
#2834568685
1"
#2834569903
0"
#2834571121
1"
#2834572339
0"
#2834573557
1"
#2834574775
0"
#2834575993
1"
#2834577211
0"
#2834578429
1"
#2834579647
0"
#2834580865
1"
#2834582083
0"
#2834583301
1"
#2834584519
0"
#2834585737
1"
#2834586955
0"
#2834586955
1!
#2834588692
0!
#2834589910
1"
#2834591128
0"
#2834592346
1"
#2834593564
0"
#2834594782
1"
#2834596000
0"
#2834597218
1"
#2834598436
0"
#2834598436
1!
#2834599654
1"
#2834600872
0"
#2834600872
0!
#2834602090
1"
#2834603308
0"
#2834603308
1!
#2834604526
1"
#2834605744
0"
#2834605744
0!
#2834606962
1"
#2834608180
0"
#2834609398
1"
#2834610616
0"
#2834610616
1!
#2834611834
1"
#2834613052
0"
#2834614270
1"
#2834615488
0"
#2834616706
1"
#2834617924
0"
#2834617924
0!
#2834619142
1"
#2834620360
0"
#2834621578
1"
#2834622796
0"
#2834624014
1"
#2834625232
0"
#2834625232
1!
#2834626450
1"
#2834627668
0"
#2834628886
1"
#2834630104
0"
#2834630104
0!
#2834631322
1"
#2834632540
0"
#2834632540
1!
#2834632540
0!
#2834633758
1"
#2834634976
0"
#2834636194
1"
#2834637412
0"
#2834638630
1"
#2834639848
0"
#2834641066
1"
#2834642284
0"
#2834643502
1"
#2834644720
0"
#2834645938
1"
#2834647156
0"
#2834648374
1"
#2834649592
0"
#2834650810
1"
#2834652028
0"
#2834653246
1"
#2834654464
0"
#2834654464
1!
#2834654464
0!
#2834655682
1"
#2834656900
0"
#2834658118
1"
#2834659336
0"
#2834660554
1"
#2834661772
0"
#2834661772
1!
#2834662990
1"
#2834664208
0"
#2834664208
0!
#2834665426
1"
#2834666644
0"
#2834666644
1!
#2834667862
1"
#2834669080
0"
#2834670298
1"
#2834671516
0"
#2834671516
0!
#2834672734
1"
#2834673952
0"
#2834675170
1"
#2834676388
0"
#2834676388
1!
#2834676388
0!
#2834677606
1"
#2834678824
0"
#2834680042
1"
#2834681260
0"
#2834682478
1"
#2834683696
0"
#2834684914
1"
#2834686132
0"
#2834687350
1"
#2834688568
0"
#2834689786
1"
#2834691004
0"
#2834691004
1!
#2834692222
1"
#2834693440
0"
#2834693440
0!
#2834694658
1"
#2834695876
0"
#2834697094
1"
#2834698312
0"
#2834698312
1!
#2834704875
0!
#2834706093
1"
#2834707311
1!
#2834797963
0!
#2834799181
0"
#2834799181
1!
#2834800399
1"
#2834801617
0"
#2834801617
0!
#2834802835
1"
#2834804053
0"
#2834805271
1"
#2834806489
0"
#2834807707
1"
#2834808925
0"
#2834810143
1"
#2834811361
0"
#2834812579
1"
#2834813797
0"
#2834815015
1"
#2834816233
0"
#2834817451
1"
#2834818669
0"
#2834819887
1"
#2834821105
0"
#2834821105
1!
#2834826708
0!
#2834827926
1"
#2834829144
0"
#2834830362
1"
#2834831580
0"
#2834832798
1"
#2834834016
0"
#2834835234
1"
#2834836452
0"
#2834836452
1!
#2834837670
1"
#2834838888
0"
#2834840106
1"
#2834841324
0"
#2834842542
1"
#2834843760
0"
#2834843760
0!
#2834844978
1"
#2834846196
0"
#2834847414
1"
#2834848632
0"
#2834848632
1!
#2834849850
1"
#2834851068
0"
#2834852286
1"
#2834853504
0"
#2834853504
0!
#2834854722
1"
#2834855940
0"
#2834857158
1"
#2834858376
0"
#2834859594
1"
#2834860812
0"
#2834860812
1!
#2834862030
1"
#2834863248
0"
#2834864466
1"
#2834865684
0"
#2834865684
0!
#2834866902
1"
#2834868120
0"
#2834869338
1"
#2834870556
0"
#2834870556
1!
#2834870556
0!
#2834871774
1"
#2834872992
0"
#2834874210
1"
#2834875428
0"
#2834876646
1"
#2834877864
0"
#2834879082
1"
#2834880300
0"
#2834881518
1"
#2834882736
0"
#2834883954
1"
#2834885172
0"
#2834886390
1"
#2834887608
0"
#2834887608
1!
#2834888826
1"
#2834890044
0"
#2834890044
0!
#2834891262
1"
#2834892480
0"
#2834892480
1!
#2834893698
1"
#2834894916
0"
#2834896134
1"
#2834897352
0"
#2834898570
1"
#2834899788
0"
#2834901006
1"
#2834902224
0"
#2834903442
1"
#2834904660
0"
#2834904660
0!
#2834905878
1"
#2834907096
0"
#2834908314
1"
#2834909532
0"
#2834909532
1!
#2834910750
1"
#2834911968
0"
#2834911968
0!
#2834913186
1"
#2834914404
0"
#2834914404
1!
#2834914404
0!
#2834915622
1"
#2834916840
0"
#2834918058
1"
#2834919276
0"
#2834920494
1"
#2834921712
0"
#2834922930
1"
#2834924148
0"
#2834925366
1"
#2834926584
0"
#2834927802
1"
#2834929020
0"
#2834929020
1!
#2834930238
1"
#2834931456
0"
#2834931456
0!
#2834932674
1"
#2834933892
0"
#2834935110
1"
#2834936328
0"
#2834936328
1!
#2834947667
0!
#2834948885
1"
#2834950103
1!
#2835015408
0!
#2835016626
0"
#2835016626
1!
#2835017844
1"
#2835019062
0"
#2835019062
0!
#2835020280
1"
#2835021498
0"
#2835022716
1"
#2835023934
0"
#2835025152
1"
#2835026370
0"
#2835027588
1"
#2835028806
0"
#2835030024
1"
#2835031242
0"
#2835032460
1"
#2835033678
0"
#2835034896
1"
#2835036114
0"
#2835037332
1"
#2835038550
0"
#2835038550
1!
#2835045021
0!
#2835046239
1"
#2835047457
0"
#2835048675
1"
#2835049893
0"
#2835051111
1"
#2835052329
0"
#2835052329
1!
#2835053547
1"
#2835054765
0"
#2835054765
0!
#2835055983
1"
#2835057201
0"
#2835058419
1"
#2835059637
0"
#2835059637
1!
#2835060855
1"
#2835062073
0"
#2835062073
0!
#2835063291
1"
#2835064509
0"
#2835065727
1"
#2835066945
0"
#2835066945
1!
#2835068163
1"
#2835069381
0"
#2835069381
0!
#2835070599
1"
#2835071817
0"
#2835071817
1!
#2835073035
1"
#2835074253
0"
#2835074253
0!
#2835075471
1"
#2835076689
0"
#2835076689
1!
#2835077907
1"
#2835079125
0"
#2835079125
0!
#2835080343
1"
#2835081561
0"
#2835082779
1"
#2835083997
0"
#2835083997
1!
#2835085215
1"
#2835086433
0"
#2835086433
0!
#2835087651
1"
#2835088869
0"
#2835088869
1!
#2835088869
0!
#2835090087
1"
#2835091305
0"
#2835092523
1"
#2835093741
0"
#2835094959
1"
#2835096177
0"
#2835097395
1"
#2835098613
0"
#2835099831
1"
#2835101049
0"
#2835102267
1"
#2835103485
0"
#2835103485
1!
#2835104703
1"
#2835105921
0"
#2835105921
0!
#2835107139
1"
#2835108357
0"
#2835109575
1"
#2835110793
0"
#2835110793
1!
#2835112011
1"
#2835113229
0"
#2835114447
1"
#2835115665
0"
#2835115665
0!
#2835116883
1"
#2835118101
0"
#2835118101
1!
#2835119319
1"
#2835120537
0"
#2835121755
1"
#2835122973
0"
#2835124191
1"
#2835125409
0"
#2835125409
0!
#2835126627
1"
#2835127845
0"
#2835129063
1"
#2835130281
0"
#2835131499
1"
#2835132717
0"
#2835132717
1!
#2835132717
0!
#2835133935
1"
#2835135153
0"
#2835136371
1"
#2835137589
0"
#2835138807
1"
#2835140025
0"
#2835141243
1"
#2835142461
0"
#2835143679
1"
#2835144897
0"
#2835146115
1"
#2835147333
0"
#2835147333
1!
#2835148551
1"
#2835149769
0"
#2835150987
1"
#2835152205
0"
#2835152205
0!
#2835153423
1"
#2835154641
0"
#2835154641
1!
#2835169108
0!
#2835170326
1"
#2835171544
1!
#2835234267
0!
#2835235485
0"
#2835235485
1!
#2835236703
1"
#2835237921
0"
#2835237921
0!
#2835239139
1"
#2835240357
0"
#2835241575
1"
#2835242793
0"
#2835244011
1"
#2835245229
0"
#2835246447
1"
#2835247665
0"
#2835248883
1"
#2835250101
0"
#2835251319
1"
#2835252537
0"
#2835253755
1"
#2835254973
0"
#2835256191
1"
#2835257409
0"
#2835257409
1!
#2835263304
0!
#2835264522
1"
#2835265740
0"
#2835266958
1"
#2835268176
0"
#2835269394
1"
#2835270612
0"
#2835270612
1!
#2835271830
1"
#2835273048
0"
#2835273048
0!
#2835274266
1"
#2835275484
0"
#2835275484
1!
#2835276702
1"
#2835277920
0"
#2835279138
1"
#2835280356
0"
#2835280356
0!
#2835281574
1"
#2835282792
0"
#2835284010
1"
#2835285228
0"
#2835285228
1!
#2835286446
1"
#2835287664
0"
#2835287664
0!
#2835288882
1"
#2835290100
0"
#2835291318
1"
#2835292536
0"
#2835293754
1"
#2835294972
0"
#2835294972
1!
#2835296190
1"
#2835297408
0"
#2835298626
1"
#2835299844
0"
#2835299844
0!
#2835301062
1"
#2835302280
0"
#2835303498
1"
#2835304716
0"
#2835305934
1"
#2835307152
0"
#2835307152
1!
#2835307152
0!
#2835308370
1"
#2835309588
0"
#2835310806
1"
#2835312024
0"
#2835313242
1"
#2835314460
0"
#2835315678
1"
#2835316896
0"
#2835318114
1"
#2835319332
0"
#2835320550
1"
#2835321768
0"
#2835321768
1!
#2835322986
1"
#2835324204
0"
#2835325422
1"
#2835326640
0"
#2835326640
0!
#2835327858
1"
#2835329076
0"
#2835329076
1!
#2835330294
1"
#2835331512
0"
#2835331512
0!
#2835332730
1"
#2835333948
0"
#2835333948
1!
#2835335166
1"
#2835336384
0"
#2835337602
1"
#2835338820
0"
#2835340038
1"
#2835341256
0"
#2835342474
1"
#2835343692
0"
#2835344910
1"
#2835346128
0"
#2835347346
1"
#2835348564
0"
#2835348564
0!
#2835349782
1"
#2835351000
0"
#2835351000
1!
#2835351000
0!
#2835352218
1"
#2835353436
0"
#2835354654
1"
#2835355872
0"
#2835357090
1"
#2835358308
0"
#2835359526
1"
#2835360744
0"
#2835361962
1"
#2835363180
0"
#2835363180
1!
#2835364398
1"
#2835365616
0"
#2835365616
0!
#2835366834
1"
#2835368052
0"
#2835369270
1"
#2835370488
0"
#2835371706
1"
#2835372924
0"
#2835372924
1!
#2835798337
0!
#2835799555
1"
#2835800773
1!
#2836306442
0!
#2836307660
0"
#2836307660
1!
#2836308878
1"
#2836310096
0"
#2836310096
0!
#2836311314
1"
#2836312532
0"
#2836313750
1"
#2836314968
0"
#2836316186
1"
#2836317404
0"
#2836318622
1"
#2836319840
0"
#2836321058
1"
#2836322276
0"
#2836323494
1"
#2836324712
0"
#2836325930
1"
#2836327148
0"
#2836328366
1"
#2836329584
0"
#2836329584
1!
#2836338308
0!
#2836339526
1"
#2836340744
0"
#2836341962
1"
#2836343180
0"
#2836344398
1"
#2836345616
0"
#2836345616
1!
#2836346834
1"
#2836348052
0"
#2836349270
1"
#2836350488
0"
#2836350488
0!
#2836351706
1"
#2836352924
0"
#2836352924
1!
#2836354142
1"
#2836355360
0"
#2836355360
0!
#2836356578
1"
#2836357796
0"
#2836359014
1"
#2836360232
0"
#2836360232
1!
#2836360232
0!
#2836361450
1"
#2836362668
0"
#2836362668
1!
#2836363886
1"
#2836365104
0"
#2836366322
1"
#2836367540
0"
#2836367540
0!
#2836368758
1"
#2836369976
0"
#2836369976
1!
#2836371194
1"
#2836372412
0"
#2836373630
1"
#2836374848
0"
#2836376066
1"
#2836377284
0"
#2836378502
1"
#2836379720
0"
#2836379720
0!
#2836380938
1"
#2836382156
0"
#2836382156
1!
#2836382156
0!
#2836383374
1"
#2836384592
0"
#2836385810
1"
#2836387028
0"
#2836388246
1"
#2836389464
0"
#2836390682
1"
#2836391900
0"
#2836393118
1"
#2836394336
0"
#2836394336
1!
#2836395554
1"
#2836396772
0"
#2836396772
0!
#2836397990
1"
#2836399208
0"
#2836400426
1"
#2836401644
0"
#2836402862
1"
#2836404080
0"
#2836404080
1!
#2836405298
1"
#2836406516
0"
#2836406516
0!
#2836407734
1"
#2836408952
0"
#2836408952
1!
#2836410170
1"
#2836411388
0"
#2836411388
0!
#2836412606
1"
#2836413824
0"
#2836415042
1"
#2836416260
0"
#2836417478
1"
#2836418696
0"
#2836418696
1!
#2836419914
1"
#2836421132
0"
#2836421132
0!
#2836422350
1"
#2836423568
0"
#2836424786
1"
#2836426004
0"
#2836426004
1!
#2836426004
0!
#2836427222
1"
#2836428440
0"
#2836429658
1"
#2836430876
0"
#2836432094
1"
#2836433312
0"
#2836434530
1"
#2836435748
0"
#2836436966
1"
#2836438184
0"
#2836438184
1!
#2836439402
1"
#2836440620
0"
#2836440620
0!
#2836441838
1"
#2836443056
0"
#2836443056
1!
#2836444274
1"
#2836445492
0"
#2836445492
0!
#2836446710
1"
#2836447928
0"
#2836447928
1!
#2836464308
0!
#2836465526
1"
#2836466744
1!
#2836597471
0!
#2836598689
0"
#2836598689
1!
#2836599907
1"
#2836601125
0"
#2836601125
0!
#2836602343
1"
#2836603561
0"
#2836604779
1"
#2836605997
0"
#2836607215
1"
#2836608433
0"
#2836609651
1"
#2836610869
0"
#2836612087
1"
#2836613305
0"
#2836614523
1"
#2836615741
0"
#2836616959
1"
#2836618177
0"
#2836619395
1"
#2836620613
0"
#2836620613
1!
#2836629200
0!
#2836630418
1"
#2836631636
0"
#2836632854
1"
#2836634072
0"
#2836635290
1"
#2836636508
0"
#2836636508
1!
#2836637726
1"
#2836638944
0"
#2836640162
1"
#2836641380
0"
#2836642598
1"
#2836643816
0"
#2836645034
1"
#2836646252
0"
#2836646252
0!
#2836647470
1"
#2836648688
0"
#2836649906
1"
#2836651124
0"
#2836651124
1!
#2836651124
0!
#2836652342
1"
#2836653560
0"
#2836653560
1!
#2836654778
1"
#2836655996
0"
#2836655996
0!
#2836657214
1"
#2836658432
0"
#2836658432
1!
#2836659650
1"
#2836660868
0"
#2836660868
0!
#2836662086
1"
#2836663304
0"
#2836664522
1"
#2836665740
0"
#2836665740
1!
#2836666958
1"
#2836668176
0"
#2836668176
0!
#2836669394
1"
#2836670612
0"
#2836671830
1"
#2836673048
0"
#2836673048
1!
#2836673048
0!
#2836674266
1"
#2836675484
0"
#2836676702
1"
#2836677920
0"
#2836679138
1"
#2836680356
0"
#2836681574
1"
#2836682792
0"
#2836684010
1"
#2836685228
0"
#2836685228
1!
#2836686446
1"
#2836687664
0"
#2836687664
0!
#2836688882
1"
#2836690100
0"
#2836690100
1!
#2836691318
1"
#2836692536
0"
#2836692536
0!
#2836693754
1"
#2836694972
0"
#2836694972
1!
#2836696190
1"
#2836697408
0"
#2836697408
0!
#2836698626
1"
#2836699844
0"
#2836701062
1"
#2836702280
0"
#2836703498
1"
#2836704716
0"
#2836705934
1"
#2836707152
0"
#2836707152
1!
#2836708370
1"
#2836709588
0"
#2836709588
0!
#2836710806
1"
#2836712024
0"
#2836712024
1!
#2836713242
1"
#2836714460
0"
#2836714460
0!
#2836715678
1"
#2836716896
0"
#2836716896
1!
#2836716896
0!
#2836718114
1"
#2836719332
0"
#2836720550
1"
#2836721768
0"
#2836722986
1"
#2836724204
0"
#2836725422
1"
#2836726640
0"
#2836727858
1"
#2836729076
0"
#2836729076
1!
#2836730294
1"
#2836731512
0"
#2836732730
1"
#2836733948
0"
#2836733948
0!
#2836735166
1"
#2836736384
0"
#2836737602
1"
#2836738820
0"
#2836738820
1!
#2836751858
0!
#2836753076
1"
#2836754294
1!
#2836818442
0!
#2836819660
0"
#2836819660
1!
#2836820878
1"
#2836822096
0"
#2836822096
0!
#2836823314
1"
#2836824532
0"
#2836825750
1"
#2836826968
0"
#2836828186
1"
#2836829404
0"
#2836830622
1"
#2836831840
0"
#2836833058
1"
#2836834276
0"
#2836835494
1"
#2836836712
0"
#2836837930
1"
#2836839148
0"
#2836840366
1"
#2836841584
0"
#2836841584
1!
#2836845579
0!
#2836846797
1"
#2836848015
0"
#2836849233
1"
#2836850451
0"
#2836850451
1!
#2836851669
1"
#2836852887
0"
#2836852887
0!
#2836854105
1"
#2836855323
0"
#2836856541
1"
#2836857759
0"
#2836858977
1"
#2836860195
0"
#2836860195
1!
#2836861413
1"
#2836862631
0"
#2836862631
0!
#2836863849
1"
#2836865067
0"
#2836866285
1"
#2836867503
0"
#2836867503
1!
#2836867503
0!
#2836868721
1"
#2836869939
0"
#2836871157
1"
#2836872375
0"
#2836872375
1!
#2836873593
1"
#2836874811
0"
#2836876029
1"
#2836877247
0"
#2836877247
0!
#2836878465
1"
#2836879683
0"
#2836879683
1!
#2836880901
1"
#2836882119
0"
#2836882119
0!
#2836883337
1"
#2836884555
0"
#2836884555
1!
#2836885773
1"
#2836886991
0"
#2836886991
0!
#2836888209
1"
#2836889427
0"
#2836889427
1!
#2836889427
0!
#2836890645
1"
#2836891863
0"
#2836893081
1"
#2836894299
0"
#2836895517
1"
#2836896735
0"
#2836897953
1"
#2836899171
0"
#2836900389
1"
#2836901607
0"
#2836901607
1!
#2836902825
1"
#2836904043
0"
#2836905261
1"
#2836906479
0"
#2836906479
0!
#2836907697
1"
#2836908915
0"
#2836910133
1"
#2836911351
0"
#2836911351
1!
#2836911351
0!
#2836912569
1"
#2836913787
0"
#2836913787
1!
#2836915005
1"
#2836916223
0"
#2836917441
1"
#2836918659
0"
#2836918659
0!
#2836919877
1"
#2836921095
0"
#2836921095
1!
#2836922313
1"
#2836923531
0"
#2836923531
0!
#2836924749
1"
#2836925967
0"
#2836927185
1"
#2836928403
0"
#2836929621
1"
#2836930839
0"
#2836932057
1"
#2836933275
0"
#2836933275
1!
#2836933275
0!
#2836934493
1"
#2836935711
0"
#2836936929
1"
#2836938147
0"
#2836939365
1"
#2836940583
0"
#2836941801
1"
#2836943019
0"
#2836944237
1"
#2836945455
0"
#2836945455
1!
#2836946673
1"
#2836947891
0"
#2836949109
1"
#2836950327
0"
#2836951545
1"
#2836952763
0"
#2836952763
0!
#2836953981
1"
#2836955199
0"
#2836955199
1!
#2836971554
0!
#2836972772
1"
#2836973990
1!
#2837043696
0!
#2837044914
0"
#2837044914
1!
#2837046132
1"
#2837047350
0"
#2837047350
0!
#2837048568
1"
#2837049786
0"
#2837051004
1"
#2837052222
0"
#2837053440
1"
#2837054658
0"
#2837055876
1"
#2837057094
0"
#2837058312
1"
#2837059530
0"
#2837060748
1"
#2837061966
0"
#2837063184
1"
#2837064402
0"
#2837065620
1"
#2837066838
0"
#2837066838
1!
#2837080967
0!
#2837082185
1"
#2837083403
0"
#2837084621
1"
#2837085839
0"
#2837085839
1!
#2837087057
1"
#2837088275
0"
#2837088275
0!
#2837089493
1"
#2837090711
0"
#2837091929
1"
#2837093147
0"
#2837093147
1!
#2837094365
1"
#2837095583
0"
#2837096801
1"
#2837098019
0"
#2837098019
0!
#2837099237
1"
#2837100455
0"
#2837101673
1"
#2837102891
0"
#2837102891
1!
#2837102891
0!
#2837104109
1"
#2837105327
0"
#2837106545
1"
#2837107763
0"
#2837108981
1"
#2837110199
0"
#2837110199
1!
#2837111417
1"
#2837112635
0"
#2837113853
1"
#2837115071
0"
#2837115071
0!
#2837116289
1"
#2837117507
0"
#2837118725
1"
#2837119943
0"
#2837121161
1"
#2837122379
0"
#2837123597
1"
#2837124815
0"
#2837124815
1!
#2837124815
0!
#2837126033
1"
#2837127251
0"
#2837128469
1"
#2837129687
0"
#2837130905
1"
#2837132123
0"
#2837133341
1"
#2837134559
0"
#2837135777
1"
#2837136995
0"
#2837136995
1!
#2837138213
1"
#2837139431
0"
#2837140649
1"
#2837141867
0"
#2837143085
1"
#2837144303
0"
#2837144303
0!
#2837145521
1"
#2837146739
0"
#2837146739
1!
#2837146739
0!
#2837147957
1"
#2837149175
0"
#2837149175
1!
#2837150393
1"
#2837151611
0"
#2837151611
0!
#2837152829
1"
#2837154047
0"
#2837155265
1"
#2837156483
0"
#2837156483
1!
#2837157701
1"
#2837158919
0"
#2837158919
0!
#2837160137
1"
#2837161355
0"
#2837161355
1!
#2837162573
1"
#2837163791
0"
#2837165009
1"
#2837166227
0"
#2837166227
0!
#2837167445
1"
#2837168663
0"
#2837168663
1!
#2837168663
0!
#2837169881
1"
#2837171099
0"
#2837172317
1"
#2837173535
0"
#2837174753
1"
#2837175971
0"
#2837177189
1"
#2837178407
0"
#2837178407
1!
#2837179625
1"
#2837180843
0"
#2837180843
0!
#2837182061
1"
#2837183279
0"
#2837184497
1"
#2837185715
0"
#2837186933
1"
#2837188151
0"
#2837189369
1"
#2837190587
0"
#2837190587
1!
#2837196742
0!
#2837197960
1"
#2837199178
1!
#2837269367
0!
#2837270585
0"
#2837270585
1!
#2837271803
1"
#2837273021
0"
#2837273021
0!
#2837274239
1"
#2837275457
0"
#2837276675
1"
#2837277893
0"
#2837279111
1"
#2837280329
0"
#2837281547
1"
#2837282765
0"
#2837283983
1"
#2837285201
0"
#2837286419
1"
#2837287637
0"
#2837288855
1"
#2837290073
0"
#2837291291
1"
#2837292509
0"
#2837292509
1!
#2837295417
0!
#2837296635
1"
#2837297853
0"
#2837299071
1"
#2837300289
0"
#2837300289
1!
#2837301507
1"
#2837302725
0"
#2837302725
0!
#2837303943
1"
#2837305161
0"
#2837305161
1!
#2837306379
1"
#2837307597
0"
#2837307597
0!
#2837308815
1"
#2837310033
0"
#2837310033
1!
#2837311251
1"
#2837312469
0"
#2837312469
0!
#2837313687
1"
#2837314905
0"
#2837316123
1"
#2837317341
0"
#2837317341
1!
#2837318559
1"
#2837319777
0"
#2837320995
1"
#2837322213
0"
#2837323431
1"
#2837324649
0"
#2837325867
1"
#2837327085
0"
#2837328303
1"
#2837329521
0"
#2837329521
0!
#2837330739
1"
#2837331957
0"
#2837331957
1!
#2837333175
1"
#2837334393
0"
#2837335611
1"
#2837336829
0"
#2837336829
0!
#2837338047
1"
#2837339265
0"
#2837339265
1!
#2837339265
0!
#2837340483
1"
#2837341701
0"
#2837342919
1"
#2837344137
0"
#2837345355
1"
#2837346573
0"
#2837347791
1"
#2837349009
0"
#2837350227
1"
#2837351445
0"
#2837351445
1!
#2837352663
1"
#2837353881
0"
#2837355099
1"
#2837356317
0"
#2837357535
1"
#2837358753
0"
#2837358753
0!
#2837359971
1"
#2837361189
0"
#2837361189
1!
#2837361189
0!
#2837362407
1"
#2837363625
0"
#2837364843
1"
#2837366061
0"
#2837366061
1!
#2837367279
1"
#2837368497
0"
#2837368497
0!
#2837369715
1"
#2837370933
0"
#2837370933
1!
#2837372151
1"
#2837373369
0"
#2837374587
1"
#2837375805
0"
#2837377023
1"
#2837378241
0"
#2837378241
0!
#2837379459
1"
#2837380677
0"
#2837381895
1"
#2837383113
0"
#2837383113
1!
#2837383113
0!
#2837384331
1"
#2837385549
0"
#2837386767
1"
#2837387985
0"
#2837389203
1"
#2837390421
0"
#2837391639
1"
#2837392857
0"
#2837392857
1!
#2837394075
1"
#2837395293
0"
#2837395293
0!
#2837396511
1"
#2837397729
0"
#2837398947
1"
#2837400165
0"
#2837400165
1!
#2837401383
1"
#2837402601
0"
#2837402601
0!
#2837403819
1"
#2837405037
0"
#2837405037
1!
#2837411092
0!
#2837412310
1"
#2837413528
1!
#2837514046
0!
#2837515264
0"
#2837515264
1!
#2837516482
1"
#2837517700
0"
#2837517700
0!
#2837518918
1"
#2837520136
0"
#2837521354
1"
#2837522572
0"
#2837523790
1"
#2837525008
0"
#2837526226
1"
#2837527444
0"
#2837528662
1"
#2837529880
0"
#2837531098
1"
#2837532316
0"
#2837533534
1"
#2837534752
0"
#2837535970
1"
#2837537188
0"
#2837537188
1!
#2837553821
0!
#2837555039
1"
#2837556257
0"
#2837557475
1"
#2837558693
0"
#2837558693
1!
#2837559911
1"
#2837561129
0"
#2837561129
0!
#2837562347
1"
#2837563565
0"
#2837563565
1!
#2837564783
1"
#2837566001
0"
#2837567219
1"
#2837568437
0"
#2837569655
1"
#2837570873
0"
#2837570873
0!
#2837572091
1"
#2837573309
0"
#2837574527
1"
#2837575745
0"
#2837575745
1!
#2837576963
1"
#2837578181
0"
#2837579399
1"
#2837580617
0"
#2837580617
0!
#2837581835
1"
#2837583053
0"
#2837583053
1!
#2837584271
1"
#2837585489
0"
#2837586707
1"
#2837587925
0"
#2837589143
1"
#2837590361
0"
#2837591579
1"
#2837592797
0"
#2837592797
0!
#2837594015
1"
#2837595233
0"
#2837596451
1"
#2837597669
0"
#2837597669
1!
#2837597669
0!
#2837598887
1"
#2837600105
0"
#2837601323
1"
#2837602541
0"
#2837603759
1"
#2837604977
0"
#2837606195
1"
#2837607413
0"
#2837607413
1!
#2837608631
1"
#2837609849
0"
#2837609849
0!
#2837611067
1"
#2837612285
0"
#2837613503
1"
#2837614721
0"
#2837615939
1"
#2837617157
0"
#2837618375
1"
#2837619593
0"
#2837619593
1!
#2837619593
0!
#2837620811
1"
#2837622029
0"
#2837623247
1"
#2837624465
0"
#2837625683
1"
#2837626901
0"
#2837626901
1!
#2837628119
1"
#2837629337
0"
#2837629337
0!
#2837630555
1"
#2837631773
0"
#2837632991
1"
#2837634209
0"
#2837635427
1"
#2837636645
0"
#2837636645
1!
#2837637863
1"
#2837639081
0"
#2837639081
0!
#2837640299
1"
#2837641517
0"
#2837641517
1!
#2837641517
0!
#2837642735
1"
#2837643953
0"
#2837645171
1"
#2837646389
0"
#2837647607
1"
#2837648825
0"
#2837650043
1"
#2837651261
0"
#2837651261
1!
#2837652479
1"
#2837653697
0"
#2837653697
0!
#2837654915
1"
#2837656133
0"
#2837656133
1!
#2837657351
1"
#2837658569
0"
#2837658569
0!
#2837659787
1"
#2837661005
0"
#2837662223
1"
#2837663441
0"
#2837663441
1!
#2837679779
0!
#2837680997
1"
#2837682215
1!
#2837763642
0!
#2837764860
0"
#2837764860
1!
#2837766078
1"
#2837767296
0"
#2837767296
0!
#2837768514
1"
#2837769732
0"
#2837770950
1"
#2837772168
0"
#2837773386
1"
#2837774604
0"
#2837775822
1"
#2837777040
0"
#2837778258
1"
#2837779476
0"
#2837780694
1"
#2837781912
0"
#2837783130
1"
#2837784348
0"
#2837785566
1"
#2837786784
0"
#2837786784
1!
#2837788967
0!
#2837790185
1"
#2837791403
0"
#2837792621
1"
#2837793839
0"
#2837793839
1!
#2837795057
1"
#2837796275
0"
#2837797493
1"
#2837798711
0"
#2837798711
0!
#2837799929
1"
#2837801147
0"
#2837802365
1"
#2837803583
0"
#2837803583
1!
#2837804801
1"
#2837806019
0"
#2837806019
0!
#2837807237
1"
#2837808455
0"
#2837809673
1"
#2837810891
0"
#2837810891
1!
#2837812109
1"
#2837813327
0"
#2837814545
1"
#2837815763
0"
#2837815763
0!
#2837816981
1"
#2837818199
0"
#2837819417
1"
#2837820635
0"
#2837821853
1"
#2837823071
0"
#2837824289
1"
#2837825507
0"
#2837826725
1"
#2837827943
0"
#2837827943
1!
#2837829161
1"
#2837830379
0"
#2837830379
0!
#2837831597
1"
#2837832815
0"
#2837832815
1!
#2837832815
0!
#2837834033
1"
#2837835251
0"
#2837836469
1"
#2837837687
0"
#2837838905
1"
#2837840123
0"
#2837841341
1"
#2837842559
0"
#2837842559
1!
#2837843777
1"
#2837844995
0"
#2837844995
0!
#2837846213
1"
#2837847431
0"
#2837848649
1"
#2837849867
0"
#2837849867
1!
#2837851085
1"
#2837852303
0"
#2837852303
0!
#2837853521
1"
#2837854739
0"
#2837854739
1!
#2837855957
1"
#2837857175
0"
#2837858393
1"
#2837859611
0"
#2837860829
1"
#2837862047
0"
#2837863265
1"
#2837864483
0"
#2837864483
0!
#2837865701
1"
#2837866919
0"
#2837866919
1!
#2837868137
1"
#2837869355
0"
#2837869355
0!
#2837870573
1"
#2837871791
0"
#2837873009
1"
#2837874227
0"
#2837875445
1"
#2837876663
0"
#2837876663
1!
#2837876663
0!
#2837877881
1"
#2837879099
0"
#2837880317
1"
#2837881535
0"
#2837882753
1"
#2837883971
0"
#2837885189
1"
#2837886407
0"
#2837886407
1!
#2837887625
1"
#2837888843
0"
#2837888843
0!
#2837890061
1"
#2837891279
0"
#2837891279
1!
#2837892497
1"
#2837893715
0"
#2837893715
0!
#2837894933
1"
#2837896151
0"
#2837897369
1"
#2837898587
0"
#2837898587
1!
#2837914921
0!
#2837916139
1"
#2837917357
1!
#2838020654
0!
#2838021872
0"
#2838021872
1!
#2838023090
1"
#2838024308
0"
#2838024308
0!
#2838025526
1"
#2838026744
0"
#2838027962
1"
#2838029180
0"
#2838030398
1"
#2838031616
0"
#2838032834
1"
#2838034052
0"
#2838035270
1"
#2838036488
0"
#2838037706
1"
#2838038924
0"
#2838040142
1"
#2838041360
0"
#2838042578
1"
#2838043796
0"
#2838043796
1!
#2838056992
0!
#2838058210
1"
#2838059428
0"
#2838060646
1"
#2838061864
0"
#2838061864
1!
#2838063082
1"
#2838064300
0"
#2838065518
1"
#2838066736
0"
#2838066736
0!
#2838067954
1"
#2838069172
0"
#2838069172
1!
#2838070390
1"
#2838071608
0"
#2838072826
1"
#2838074044
0"
#2838074044
0!
#2838075262
1"
#2838076480
0"
#2838077698
1"
#2838078916
0"
#2838078916
1!
#2838080134
1"
#2838081352
0"
#2838081352
0!
#2838082570
1"
#2838083788
0"
#2838083788
1!
#2838085006
1"
#2838086224
0"
#2838086224
0!
#2838087442
1"
#2838088660
0"
#2838089878
1"
#2838091096
0"
#2838091096
1!
#2838092314
1"
#2838093532
0"
#2838093532
0!
#2838094750
1"
#2838095968
0"
#2838097186
1"
#2838098404
0"
#2838099622
1"
#2838100840
0"
#2838100840
1!
#2838100840
0!
#2838102058
1"
#2838103276
0"
#2838104494
1"
#2838105712
0"
#2838106930
1"
#2838108148
0"
#2838109366
1"
#2838110584
0"
#2838110584
1!
#2838111802
1"
#2838113020
0"
#2838113020
0!
#2838114238
1"
#2838115456
0"
#2838115456
1!
#2838116674
1"
#2838117892
0"
#2838117892
0!
#2838119110
1"
#2838120328
0"
#2838121546
1"
#2838122764
0"
#2838122764
1!
#2838123982
1"
#2838125200
0"
#2838126418
1"
#2838127636
0"
#2838127636
0!
#2838128854
1"
#2838130072
0"
#2838130072
1!
#2838131290
1"
#2838132508
0"
#2838132508
0!
#2838133726
1"
#2838134944
0"
#2838134944
1!
#2838136162
1"
#2838137380
0"
#2838138598
1"
#2838139816
0"
#2838141034
1"
#2838142252
0"
#2838142252
0!
#2838143470
1"
#2838144688
0"
#2838144688
1!
#2838144688
0!
#2838145906
1"
#2838147124
0"
#2838148342
1"
#2838149560
0"
#2838150778
1"
#2838151996
0"
#2838153214
1"
#2838154432
0"
#2838154432
1!
#2838155650
1"
#2838156868
0"
#2838156868
0!
#2838158086
1"
#2838159304
0"
#2838159304
1!
#2838160522
1"
#2838161740
0"
#2838162958
1"
#2838164176
0"
#2838164176
0!
#2838165394
1"
#2838166612
0"
#2838166612
1!
#2838171296
0!
#2838172514
1"
#2838173732
1!
#2838248512
0!
#2838249730
0"
#2838249730
1!
#2838250948
1"
#2838252166
0"
#2838252166
0!
#2838253384
1"
#2838254602
0"
#2838255820
1"
#2838257038
0"
#2838258256
1"
#2838259474
0"
#2838260692
1"
#2838261910
0"
#2838263128
1"
#2838264346
0"
#2838265564
1"
#2838266782
0"
#2838268000
1"
#2838269218
0"
#2838270436
1"
#2838271654
0"
#2838271654
1!
#2838274079
0!
#2838275297
1"
#2838276515
0"
#2838277733
1"
#2838278951
0"
#2838278951
1!
#2838280169
1"
#2838281387
0"
#2838282605
1"
#2838283823
0"
#2838285041
1"
#2838286259
0"
#2838286259
0!
#2838287477
1"
#2838288695
0"
#2838288695
1!
#2838289913
1"
#2838291131
0"
#2838291131
0!
#2838292349
1"
#2838293567
0"
#2838294785
1"
#2838296003
0"
#2838296003
1!
#2838297221
1"
#2838298439
0"
#2838298439
0!
#2838299657
1"
#2838300875
0"
#2838302093
1"
#2838303311
0"
#2838304529
1"
#2838305747
0"
#2838306965
1"
#2838308183
0"
#2838308183
1!
#2838309401
1"
#2838310619
0"
#2838311837
1"
#2838313055
0"
#2838314273
1"
#2838315491
0"
#2838315491
0!
#2838316709
1"
#2838317927
0"
#2838317927
1!
#2838317927
0!
#2838319145
1"
#2838320363
0"
#2838321581
1"
#2838322799
0"
#2838324017
1"
#2838325235
0"
#2838326453
1"
#2838327671
0"
#2838327671
1!
#2838328889
1"
#2838330107
0"
#2838330107
0!
#2838331325
1"
#2838332543
0"
#2838332543
1!
#2838333761
1"
#2838334979
0"
#2838336197
1"
#2838337415
0"
#2838337415
0!
#2838338633
1"
#2838339851
0"
#2838339851
1!
#2838341069
1"
#2838342287
0"
#2838342287
0!
#2838343505
1"
#2838344723
0"
#2838344723
1!
#2838345941
1"
#2838347159
0"
#2838348377
1"
#2838349595
0"
#2838350813
1"
#2838352031
0"
#2838352031
0!
#2838353249
1"
#2838354467
0"
#2838354467
1!
#2838355685
1"
#2838356903
0"
#2838356903
0!
#2838358121
1"
#2838359339
0"
#2838360557
1"
#2838361775
0"
#2838361775
1!
#2838361775
0!
#2838362993
1"
#2838364211
0"
#2838365429
1"
#2838366647
0"
#2838367865
1"
#2838369083
0"
#2838370301
1"
#2838371519
0"
#2838371519
1!
#2838372737
1"
#2838373955
0"
#2838375173
1"
#2838376391
0"
#2838376391
0!
#2838377609
1"
#2838378827
0"
#2838380045
1"
#2838381263
0"
#2838382481
1"
#2838383699
0"
#2838383699
1!
#2838386021
0!
#2838387239
1"
#2838388457
1!
#2838496708
0!
#2838497926
0"
#2838497926
1!
#2838499144
1"
#2838500362
0"
#2838500362
0!
#2838501580
1"
#2838502798
0"
#2838504016
1"
#2838505234
0"
#2838506452
1"
#2838507670
0"
#2838508888
1"
#2838510106
0"
#2838511324
1"
#2838512542
0"
#2838513760
1"
#2838514978
0"
#2838516196
1"
#2838517414
0"
#2838518632
1"
#2838519850
0"
#2838519850
1!
#2838536471
0!
#2838537689
1"
#2838538907
0"
#2838540125
1"
#2838541343
0"
#2838541343
1!
#2838542561
1"
#2838543779
0"
#2838544997
1"
#2838546215
0"
#2838547433
1"
#2838548651
0"
#2838549869
1"
#2838551087
0"
#2838552305
1"
#2838553523
0"
#2838553523
0!
#2838554741
1"
#2838555959
0"
#2838557177
1"
#2838558395
0"
#2838558395
1!
#2838558395
0!
#2838559613
1"
#2838560831
0"
#2838560831
1!
#2838562049
1"
#2838563267
0"
#2838564485
1"
#2838565703
0"
#2838565703
0!
#2838566921
1"
#2838568139
0"
#2838568139
1!
#2838569357
1"
#2838570575
0"
#2838570575
0!
#2838571793
1"
#2838573011
0"
#2838573011
1!
#2838574229
1"
#2838575447
0"
#2838575447
0!
#2838576665
1"
#2838577883
0"
#2838579101
1"
#2838580319
0"
#2838580319
1!
#2838580319
0!
#2838581537
1"
#2838582755
0"
#2838583973
1"
#2838585191
0"
#2838586409
1"
#2838587627
0"
#2838588845
1"
#2838590063
0"
#2838590063
1!
#2838591281
1"
#2838592499
0"
#2838593717
1"
#2838594935
0"
#2838594935
0!
#2838596153
1"
#2838597371
0"
#2838598589
1"
#2838599807
0"
#2838601025
1"
#2838602243
0"
#2838602243
1!
#2838603461
1"
#2838604679
0"
#2838604679
0!
#2838605897
1"
#2838607115
0"
#2838608333
1"
#2838609551
0"
#2838609551
1!
#2838610769
1"
#2838611987
0"
#2838613205
1"
#2838614423
0"
#2838615641
1"
#2838616859
0"
#2838616859
0!
#2838618077
1"
#2838619295
0"
#2838619295
1!
#2838620513
1"
#2838621731
0"
#2838621731
0!
#2838622949
1"
#2838624167
0"
#2838624167
1!
#2838624167
0!
#2838625385
1"
#2838626603
0"
#2838627821
1"
#2838629039
0"
#2838630257
1"
#2838631475
0"
#2838632693
1"
#2838633911
0"
#2838633911
1!
#2838635129
1"
#2838636347
0"
#2838637565
1"
#2838638783
0"
#2838638783
0!
#2838640001
1"
#2838641219
0"
#2838641219
1!
#2838642437
1"
#2838643655
0"
#2838643655
0!
#2838644873
1"
#2838646091
0"
#2838646091
1!
#2838659275
0!
#2838660493
1"
#2838661711
1!
#2838739996
0!
#2838741214
0"
#2838741214
1!
#2838742432
1"
#2838743650
0"
#2838743650
0!
#2838744868
1"
#2838746086
0"
#2838747304
1"
#2838748522
0"
#2838749740
1"
#2838750958
0"
#2838752176
1"
#2838753394
0"
#2838754612
1"
#2838755830
0"
#2838757048
1"
#2838758266
0"
#2838759484
1"
#2838760702
0"
#2838761920
1"
#2838763138
0"
#2838763138
1!
#2838765321
0!
#2838766539
1"
#2838767757
0"
#2838767757
1!
#2838768975
1"
#2838770193
0"
#2838770193
0!
#2838771411
1"
#2838772629
0"
#2838773847
1"
#2838775065
0"
#2838776283
1"
#2838777501
0"
#2838778719
1"
#2838779937
0"
#2838779937
1!
#2838781155
1"
#2838782373
0"
#2838782373
0!
#2838783591
1"
#2838784809
0"
#2838786027
1"
#2838787245
0"
#2838787245
1!
#2838787245
0!
#2838788463
1"
#2838789681
0"
#2838789681
1!
#2838790899
1"
#2838792117
0"
#2838792117
0!
#2838793335
1"
#2838794553
0"
#2838795771
1"
#2838796989
0"
#2838796989
1!
#2838798207
1"
#2838799425
0"
#2838800643
1"
#2838801861
0"
#2838801861
0!
#2838803079
1"
#2838804297
0"
#2838804297
1!
#2838805515
1"
#2838806733
0"
#2838806733
0!
#2838807951
1"
#2838809169
0"
#2838809169
1!
#2838809169
0!
#2838810387
1"
#2838811605
0"
#2838812823
1"
#2838814041
0"
#2838815259
1"
#2838816477
0"
#2838817695
1"
#2838818913
0"
#2838818913
1!
#2838820131
1"
#2838821349
0"
#2838822567
1"
#2838823785
0"
#2838823785
0!
#2838825003
1"
#2838826221
0"
#2838826221
1!
#2838827439
1"
#2838828657
0"
#2838828657
0!
#2838829875
1"
#2838831093
0"
#2838831093
1!
#2838832311
1"
#2838833529
0"
#2838833529
0!
#2838834747
1"
#2838835965
0"
#2838837183
1"
#2838838401
0"
#2838839619
1"
#2838840837
0"
#2838842055
1"
#2838843273
0"
#2838844491
1"
#2838845709
0"
#2838846927
1"
#2838848145
0"
#2838849363
1"
#2838850581
0"
#2838851799
1"
#2838853017
0"
#2838853017
1!
#2838853017
0!
#2838854235
1"
#2838855453
0"
#2838856671
1"
#2838857889
0"
#2838859107
1"
#2838860325
0"
#2838861543
1"
#2838862761
0"
#2838862761
1!
#2838863979
1"
#2838865197
0"
#2838866415
1"
#2838867633
0"
#2838868851
1"
#2838870069
0"
#2838870069
0!
#2838871287
1"
#2838872505
0"
#2838873723
1"
#2838874941
0"
#2838874941
1!
#2838878204
0!
#2838879422
1"
#2838880640
1!
#2838990342
0!
#2838991560
0"
#2838991560
1!
#2838992778
1"
#2838993996
0"
#2838993996
0!
#2838995214
1"
#2838996432
0"
#2838997650
1"
#2838998868
0"
#2839000086
1"
#2839001304
0"
#2839002522
1"
#2839003740
0"
#2839004958
1"
#2839006176
0"
#2839006176
1!
#2839007394
1"
#2839008612
0"
#2839008612
0!
#2839009830
1"
#2839011048
0"
#2839012266
1"
#2839013484
0"
#2839013484
1!
#2839030117
0!
#2839031335
1"
#2839032553
0"
#2839033771
1"
#2839034989
0"
#2839036207
1"
#2839037425
0"
#2839038643
1"
#2839039861
0"
#2839041079
1"
#2839042297
0"
#2839042297
1!
#2839043515
1"
#2839044733
0"
#2839045951
1"
#2839047169
0"
#2839047169
0!
#2839048387
1"
#2839049605
0"
#2839050823
1"
#2839052041
0"
#2839052041
1!
#2839052041
0!
#2839053259
1"
#2839054477
0"
#2839055695
1"
#2839056913
0"
#2839056913
1!
#2839058131
1"
#2839059349
0"
#2839060567
1"
#2839061785
0"
#2839061785
0!
#2839063003
1"
#2839064221
0"
#2839065439
1"
#2839066657
0"
#2839067875
1"
#2839069093
0"
#2839070311
1"
#2839071529
0"
#2839072747
1"
#2839073965
0"
#2839073965
1!
#2839073965
0!
#2839075183
1"
#2839076401
0"
#2839077619
1"
#2839078837
0"
#2839080055
1"
#2839081273
0"
#2839082491
1"
#2839083709
0"
#2839083709
1!
#2839084927
1"
#2839086145
0"
#2839087363
1"
#2839088581
0"
#2839089799
1"
#2839091017
0"
#2839091017
0!
#2839092235
1"
#2839093453
0"
#2839094671
1"
#2839095889
0"
#2839095889
1!
#2839095889
0!
#2839097107
1"
#2839098325
0"
#2839098325
1!
#2839099543
1"
#2839100761
0"
#2839101979
1"
#2839103197
0"
#2839103197
0!
#2839104415
1"
#2839105633
0"
#2839106851
1"
#2839108069
0"
#2839109287
1"
#2839110505
0"
#2839110505
1!
#2839111723
1"
#2839112941
0"
#2839114159
1"
#2839115377
0"
#2839115377
0!
#2839116595
1"
#2839117813
0"
#2839117813
1!
#2839117813
0!
#2839119031
1"
#2839120249
0"
#2839121467
1"
#2839122685
0"
#2839123903
1"
#2839125121
0"
#2839126339
1"
#2839127557
0"
#2839127557
1!
#2839128775
1"
#2839129993
0"
#2839131211
1"
#2839132429
0"
#2839133647
1"
#2839134865
0"
#2839136083
1"
#2839137301
0"
#2839137301
0!
#2839138519
1"
#2839139737
0"
#2839139737
1!
#2839156050
0!
#2839157268
1"
#2839158486
1!
#2839239912
0!
#2839241130
0"
#2839241130
1!
#2839242348
1"
#2839243566
0"
#2839243566
0!
#2839244784
1"
#2839246002
0"
#2839247220
1"
#2839248438
0"
#2839249656
1"
#2839250874
0"
#2839252092
1"
#2839253310
0"
#2839254528
1"
#2839255746
0"
#2839255746
1!
#2839256964
1"
#2839258182
0"
#2839258182
0!
#2839259400
1"
#2839260618
0"
#2839261836
1"
#2839263054
0"
#2839263054
1!
#2839266446
0!
#2839267664
1"
#2839268882
0"
#2839270100
1"
#2839271318
0"
#2839272536
1"
#2839273754
0"
#2839274972
1"
#2839276190
0"
#2839276190
1!
#2839277408
1"
#2839278626
0"
#2839278626
0!
#2839279844
1"
#2839281062
0"
#2839281062
1!
#2839282280
1"
#2839283498
0"
#2839283498
0!
#2839284716
1"
#2839285934
0"
#2839287152
1"
#2839288370
0"
#2839288370
1!
#2839288370
0!
#2839289588
1"
#2839290806
0"
#2839292024
1"
#2839293242
0"
#2839294460
1"
#2839295678
0"
#2839295678
1!
#2839296896
1"
#2839298114
0"
#2839298114
0!
#2839299332
1"
#2839300550
0"
#2839301768
1"
#2839302986
0"
#2839302986
1!
#2839304204
1"
#2839305422
0"
#2839306640
1"
#2839307858
0"
#2839307858
0!
#2839309076
1"
#2839310294
0"
#2839310294
1!
#2839310294
0!
#2839311512
1"
#2839312730
0"
#2839313948
1"
#2839315166
0"
#2839316384
1"
#2839317602
0"
#2839318820
1"
#2839320038
0"
#2839320038
1!
#2839321256
1"
#2839322474
0"
#2839323692
1"
#2839324910
0"
#2839326128
1"
#2839327346
0"
#2839328564
1"
#2839329782
0"
#2839329782
0!
#2839331000
1"
#2839332218
0"
#2839332218
1!
#2839332218
0!
#2839333436
1"
#2839334654
0"
#2839334654
1!
#2839335872
1"
#2839337090
0"
#2839337090
0!
#2839338308
1"
#2839339526
0"
#2839340744
1"
#2839341962
0"
#2839343180
1"
#2839344398
0"
#2839344398
1!
#2839345616
1"
#2839346834
0"
#2839348052
1"
#2839349270
0"
#2839349270
0!
#2839350488
1"
#2839351706
0"
#2839352924
1"
#2839354142
0"
#2839354142
1!
#2839354142
0!
#2839355360
1"
#2839356578
0"
#2839357796
1"
#2839359014
0"
#2839360232
1"
#2839361450
0"
#2839362668
1"
#2839363886
0"
#2839365104
1"
#2839366322
0"
#2839367540
1"
#2839368758
0"
#2839369976
1"
#2839371194
0"
#2839372412
1"
#2839373630
0"
#2839374848
1"
#2839376066
0"
#2839376066
1!
#2839392429
0!
#2839393647
1"
#2839394865
1!
#2839748925
0#
#20585890743
0!
#20585891961
0"
#20585891961
1!
#20585893179
1"
#20585894397
0"
#20585894397
0!
#20585895615
1"
#20585896833
0"
#20585898051
1"
#20585899269
0"
#20585900487
1"
#20585901705
0"
#20585902923
1"
#20585904141
0"
#20585905359
1"
#20585906577
0"
#20585906577
1!
#20585907795
1"
#20585909013
0"
#20585909013
0!
#20585910231
1"
#20585911449
0"
#20585912667
1"
#20585913885
0"
#20585913885
1!
#20585918389
0!
#20585919607
1"
#20585920825
0"
#20585922043
1"
#20585923261
0"
#20585923261
1!
#20585924479
1"
#20585925697
0"
#20585925697
0!
#20585926915
1"
#20585928133
0"
#20585928133
1!
#20585929351
1"
#20585930569
0"
#20585930569
0!
#20585931787
1"
#20585933005
0"
#20585933005
1!
#20585934223
1"
#20585935441
0"
#20585935441
0!
#20585936659
1"
#20585937877
0"
#20585939095
1"
#20585940313
0"
#20585940313
1!
#20585940313
0!
#20585941531
1"
#20585942749
0"
#20585943967
1"
#20585945185
0"
#20585945185
1!
#20585946403
1"
#20585947621
0"
#20585947621
0!
#20585948839
1"
#20585950057
0"
#20585950057
1!
#20585951275
1"
#20585952493
0"
#20585952493
0!
#20585953711
1"
#20585954929
0"
#20585954929
1!
#20585956147
1"
#20585957365
0"
#20585958583
1"
#20585959801
0"
#20585959801
0!
#20585961019
1"
#20585962237
0"
#20585962237
1!
#20585962237
0!
#20585963455
1"
#20585964673
0"
#20585965891
1"
#20585967109
0"
#20585968327
1"
#20585969545
0"
#20585970763
1"
#20585971981
0"
#20585973199
1"
#20585974417
0"
#20585974417
1!
#20585975635
1"
#20585976853
0"
#20585978071
1"
#20585979289
0"
#20585979289
0!
#20585980507
1"
#20585981725
0"
#20585982943
1"
#20585984161
0"
#20585984161
1!
#20585984161
0!
#20585985379
1"
#20585986597
0"
#20585986597
1!
#20585987815
1"
#20585989033
0"
#20585989033
0!
#20585990251
1"
#20585991469
0"
#20585991469
1!
#20585992687
1"
#20585993905
0"
#20585995123
1"
#20585996341
0"
#20585997559
1"
#20585998777
0"
#20585999995
1"
#20586001213
0"
#20586001213
0!
#20586002431
1"
#20586003649
0"
#20586004867
1"
#20586006085
0"
#20586006085
1!
#20586006085
0!
#20586007303
1"
#20586008521
0"
#20586009739
1"
#20586010957
0"
#20586012175
1"
#20586013393
0"
#20586014611
1"
#20586015829
0"
#20586017047
1"
#20586018265
0"
#20586018265
1!
#20586019483
1"
#20586020701
0"
#20586021919
1"
#20586023137
0"
#20586024355
1"
#20586025573
0"
#20586025573
0!
#20586026791
1"
#20586028009
0"
#20586028009
1!
#20586044334
0!
#20586045552
1"
#20586046770
1!
#20586289809
0!
#20586291027
0"
#20586291027
1!
#20586292245
1"
#20586293463
0"
#20586293463
0!
#20586294681
1"
#20586295899
0"
#20586297117
1"
#20586298335
0"
#20586299553
1"
#20586300771
0"
#20586301989
1"
#20586303207
0"
#20586304425
1"
#20586305643
0"
#20586305643
1!
#20586306861
1"
#20586308079
0"
#20586308079
0!
#20586309297
1"
#20586310515
0"
#20586311733
1"
#20586312951
0"
#20586312951
1!
#20586317455
0!
#20586318673
1"
#20586319891
0"
#20586321109
1"
#20586322327
0"
#20586322327
1!
#20586323545
1"
#20586324763
0"
#20586324763
0!
#20586325981
1"
#20586327199
0"
#20586327199
1!
#20586328417
1"
#20586329635
0"
#20586330853
1"
#20586332071
0"
#20586333289
1"
#20586334507
0"
#20586334507
0!
#20586335725
1"
#20586336943
0"
#20586338161
1"
#20586339379
0"
#20586339379
1!
#20586339379
0!
#20586340597
1"
#20586341815
0"
#20586343033
1"
#20586344251
0"
#20586345469
1"
#20586346687
0"
#20586347905
1"
#20586349123
0"
#20586349123
1!
#20586350341
1"
#20586351559
0"
#20586352777
1"
#20586353995
0"
#20586355213
1"
#20586356431
0"
#20586356431
0!
#20586357649
1"
#20586358867
0"
#20586360085
1"
#20586361303
0"
#20586361303
1!
#20586361303
0!
#20586362521
1"
#20586363739
0"
#20586364957
1"
#20586366175
0"
#20586367393
1"
#20586368611
0"
#20586369829
1"
#20586371047
0"
#20586372265
1"
#20586373483
0"
#20586373483
1!
#20586374701
1"
#20586375919
0"
#20586377137
1"
#20586378355
0"
#20586379573
1"
#20586380791
0"
#20586380791
0!
#20586382009
1"
#20586383227
0"
#20586383227
1!
#20586383227
0!
#20586384445
1"
#20586385663
0"
#20586385663
1!
#20586386881
1"
#20586388099
0"
#20586388099
0!
#20586389317
1"
#20586390535
0"
#20586391753
1"
#20586392971
0"
#20586394189
1"
#20586395407
0"
#20586396625
1"
#20586397843
0"
#20586399061
1"
#20586400279
0"
#20586400279
1!
#20586401497
1"
#20586402715
0"
#20586402715
0!
#20586403933
1"
#20586405151
0"
#20586405151
1!
#20586405151
0!
#20586406369
1"
#20586407587
0"
#20586408805
1"
#20586410023
0"
#20586411241
1"
#20586412459
0"
#20586413677
1"
#20586414895
0"
#20586414895
1!
#20586416113
1"
#20586417331
0"
#20586417331
0!
#20586418549
1"
#20586419767
0"
#20586420985
1"
#20586422203
0"
#20586423421
1"
#20586424639
0"
#20586425857
1"
#20586427075
0"
#20586427075
1!
#20586443400
0!
#20586444618
1"
#20586445836
1!
#20586729183
0!
#20586730401
0"
#20586730401
1!
#20586731619
1"
#20586732837
0"
#20586732837
0!
#20586734055
1"
#20586735273
0"
#20586736491
1"
#20586737709
0"
#20586738927
1"
#20586740145
0"
#20586741363
1"
#20586742581
0"
#20586743799
1"
#20586745017
0"
#20586745017
1!
#20586746235
1"
#20586747453
0"
#20586747453
0!
#20586748671
1"
#20586749889
0"
#20586751107
1"
#20586752325
0"
#20586752325
1!
#20586756825
0!
#20586758043
1"
#20586759261
0"
#20586760479
1"
#20586761697
0"
#20586761697
1!
#20586762915
1"
#20586764133
0"
#20586765351
1"
#20586766569
0"
#20586766569
0!
#20586767787
1"
#20586769005
0"
#20586770223
1"
#20586771441
0"
#20586771441
1!
#20586772659
1"
#20586773877
0"
#20586773877
0!
#20586775095
1"
#20586776313
0"
#20586777531
1"
#20586778749
0"
#20586778749
1!
#20586779967
1"
#20586781185
0"
#20586782403
1"
#20586783621
0"
#20586784839
1"
#20586786057
0"
#20586787275
1"
#20586788493
0"
#20586788493
0!
#20586789711
1"
#20586790929
0"
#20586792147
1"
#20586793365
0"
#20586794583
1"
#20586795801
0"
#20586795801
1!
#20586797019
1"
#20586798237
0"
#20586798237
0!
#20586799455
1"
#20586800673
0"
#20586800673
1!
#20586800673
0!
#20586801891
1"
#20586803109
0"
#20586804327
1"
#20586805545
0"
#20586806763
1"
#20586807981
0"
#20586809199
1"
#20586810417
0"
#20586811635
1"
#20586812853
0"
#20586812853
1!
#20586814071
1"
#20586815289
0"
#20586816507
1"
#20586817725
0"
#20586818943
1"
#20586820161
0"
#20586820161
0!
#20586821379
1"
#20586822597
0"
#20586822597
1!
#20586823815
1"
#20586825033
0"
#20586826251
1"
#20586827469
0"
#20586828687
1"
#20586829905
0"
#20586831123
1"
#20586832341
0"
#20586832341
0!
#20586833559
1"
#20586834777
0"
#20586835995
1"
#20586837213
0"
#20586838431
1"
#20586839649
0"
#20586839649
1!
#20586840867
1"
#20586842085
0"
#20586842085
0!
#20586843303
1"
#20586844521
0"
#20586844521
1!
#20586844521
0!
#20586845739
1"
#20586846957
0"
#20586848175
1"
#20586849393
0"
#20586850611
1"
#20586851829
0"
#20586853047
1"
#20586854265
0"
#20586854265
1!
#20586855483
1"
#20586856701
0"
#20586856701
0!
#20586857919
1"
#20586859137
0"
#20586860355
1"
#20586861573
0"
#20586861573
1!
#20586862791
1"
#20586864009
0"
#20586864009
0!
#20586865227
1"
#20586866445
0"
#20586866445
1!
#20586882770
0!
#20586883988
1"
#20586885206
1!
#20587163715
0!
#20587164933
0"
#20587164933
1!
#20587166151
1"
#20587167369
0"
#20587167369
0!
#20587168587
1"
#20587169805
0"
#20587171023
1"
#20587172241
0"
#20587173459
1"
#20587174677
0"
#20587175895
1"
#20587177113
0"
#20587178331
1"
#20587179549
0"
#20587179549
1!
#20587180767
1"
#20587181985
0"
#20587181985
0!
#20587183203
1"
#20587184421
0"
#20587185639
1"
#20587186857
0"
#20587186857
1!
#20587191678
0!
#20587192896
1"
#20587194114
0"
#20587195332
1"
#20587196550
0"
#20587197768
1"
#20587198986
0"
#20587198986
1!
#20587200204
1"
#20587201422
0"
#20587202640
1"
#20587203858
0"
#20587203858
0!
#20587205076
1"
#20587206294
0"
#20587206294
1!
#20587207512
1"
#20587208730
0"
#20587208730
0!
#20587209948
1"
#20587211166
0"
#20587212384
1"
#20587213602
0"
#20587213602
1!
#20587214820
1"
#20587216038
0"
#20587216038
0!
#20587217256
1"
#20587218474
0"
#20587219692
1"
#20587220910
0"
#20587220910
1!
#20587222128
1"
#20587223346
0"
#20587224564
1"
#20587225782
0"
#20587227000
1"
#20587228218
0"
#20587229436
1"
#20587230654
0"
#20587231872
1"
#20587233090
0"
#20587233090
0!
#20587234308
1"
#20587235526
0"
#20587235526
1!
#20587235526
0!
#20587236744
1"
#20587237962
0"
#20587239180
1"
#20587240398
0"
#20587241616
1"
#20587242834
0"
#20587244052
1"
#20587245270
0"
#20587246488
1"
#20587247706
0"
#20587248924
1"
#20587250142
0"
#20587250142
1!
#20587251360
1"
#20587252578
0"
#20587252578
0!
#20587253796
1"
#20587255014
0"
#20587256232
1"
#20587257450
0"
#20587257450
1!
#20587258668
1"
#20587259886
0"
#20587261104
1"
#20587262322
0"
#20587262322
0!
#20587263540
1"
#20587264758
0"
#20587264758
1!
#20587265976
1"
#20587267194
0"
#20587267194
0!
#20587268412
1"
#20587269630
0"
#20587270848
1"
#20587272066
0"
#20587272066
1!
#20587273284
1"
#20587274502
0"
#20587274502
0!
#20587275720
1"
#20587276938
0"
#20587278156
1"
#20587279374
0"
#20587279374
1!
#20587279374
0!
#20587280592
1"
#20587281810
0"
#20587283028
1"
#20587284246
0"
#20587285464
1"
#20587286682
0"
#20587287900
1"
#20587289118
0"
#20587290336
1"
#20587291554
0"
#20587292772
1"
#20587293990
0"
#20587293990
1!
#20587295208
1"
#20587296426
0"
#20587297644
1"
#20587298862
0"
#20587298862
0!
#20587300080
1"
#20587301298
0"
#20587301298
1!
#20587317623
0!
#20587318841
1"
#20587320059
1!
#20587603406
0!
#20587604624
0"
#20587604624
1!
#20587605842
1"
#20587607060
0"
#20587607060
0!
#20587608278
1"
#20587609496
0"
#20587610714
1"
#20587611932
0"
#20587613150
1"
#20587614368
0"
#20587615586
1"
#20587616804
0"
#20587618022
1"
#20587619240
0"
#20587619240
1!
#20587620458
1"
#20587621676
0"
#20587621676
0!
#20587622894
1"
#20587624112
0"
#20587625330
1"
#20587626548
0"
#20587626548
1!
#20587631048
0!
#20587632266
1"
#20587633484
0"
#20587634702
1"
#20587635920
0"
#20587637138
1"
#20587638356
0"
#20587638356
1!
#20587639574
1"
#20587640792
0"
#20587642010
1"
#20587643228
0"
#20587644446
1"
#20587645664
0"
#20587646882
1"
#20587648100
0"
#20587648100
0!
#20587649318
1"
#20587650536
0"
#20587651754
1"
#20587652972
0"
#20587652972
1!
#20587654190
1"
#20587655408
0"
#20587655408
0!
#20587656626
1"
#20587657844
0"
#20587659062
1"
#20587660280
0"
#20587661498
1"
#20587662716
0"
#20587663934
1"
#20587665152
0"
#20587666370
1"
#20587667588
0"
#20587667588
1!
#20587668806
1"
#20587670024
0"
#20587670024
0!
#20587671242
1"
#20587672460
0"
#20587673678
1"
#20587674896
0"
#20587674896
1!
#20587674896
0!
#20587676114
1"
#20587677332
0"
#20587678550
1"
#20587679768
0"
#20587680986
1"
#20587682204
0"
#20587683422
1"
#20587684640
0"
#20587685858
1"
#20587687076
0"
#20587688294
1"
#20587689512
0"
#20587689512
1!
#20587690730
1"
#20587691948
0"
#20587693166
1"
#20587694384
0"
#20587694384
0!
#20587695602
1"
#20587696820
0"
#20587696820
1!
#20587698038
1"
#20587699256
0"
#20587699256
0!
#20587700474
1"
#20587701692
0"
#20587701692
1!
#20587702910
1"
#20587704128
0"
#20587705346
1"
#20587706564
0"
#20587706564
0!
#20587707782
1"
#20587709000
0"
#20587709000
1!
#20587710218
1"
#20587711436
0"
#20587711436
0!
#20587712654
1"
#20587713872
0"
#20587713872
1!
#20587715090
1"
#20587716308
0"
#20587716308
0!
#20587717526
1"
#20587718744
0"
#20587718744
1!
#20587718744
0!
#20587719962
1"
#20587721180
0"
#20587722398
1"
#20587723616
0"
#20587724834
1"
#20587726052
0"
#20587727270
1"
#20587728488
0"
#20587729706
1"
#20587730924
0"
#20587730924
1!
#20587732142
1"
#20587733360
0"
#20587733360
0!
#20587734578
1"
#20587735796
0"
#20587737014
1"
#20587738232
0"
#20587739450
1"
#20587740668
0"
#20587740668
1!
#20587756993
0!
#20587758211
1"
#20587759429
1!
#20588042776
0!
#20588043994
0"
#20588043994
1!
#20588045212
1"
#20588046430
0"
#20588046430
0!
#20588047648
1"
#20588048866
0"
#20588050084
1"
#20588051302
0"
#20588052520
1"
#20588053738
0"
#20588054956
1"
#20588056174
0"
#20588057392
1"
#20588058610
0"
#20588058610
1!
#20588059828
1"
#20588061046
0"
#20588061046
0!
#20588062264
1"
#20588063482
0"
#20588064700
1"
#20588065918
0"
#20588065918
1!
#20588069451
0!
#20588070669
1"
#20588071887
0"
#20588073105
1"
#20588074323
0"
#20588074323
1!
#20588075541
1"
#20588076759
0"
#20588076759
0!
#20588077977
1"
#20588079195
0"
#20588080413
1"
#20588081631
0"
#20588082849
1"
#20588084067
0"
#20588084067
1!
#20588085285
1"
#20588086503
0"
#20588086503
0!
#20588087721
1"
#20588088939
0"
#20588090157
1"
#20588091375
0"
#20588091375
1!
#20588091375
0!
#20588092593
1"
#20588093811
0"
#20588093811
1!
#20588095029
1"
#20588096247
0"
#20588097465
1"
#20588098683
0"
#20588098683
0!
#20588099901
1"
#20588101119
0"
#20588102337
1"
#20588103555
0"
#20588103555
1!
#20588104773
1"
#20588105991
0"
#20588105991
0!
#20588107209
1"
#20588108427
0"
#20588108427
1!
#20588109645
1"
#20588110863
0"
#20588110863
0!
#20588112081
1"
#20588113299
0"
#20588113299
1!
#20588113299
0!
#20588114517
1"
#20588115735
0"
#20588116953
1"
#20588118171
0"
#20588119389
1"
#20588120607
0"
#20588121825
1"
#20588123043
0"
#20588124261
1"
#20588125479
0"
#20588125479
1!
#20588126697
1"
#20588127915
0"
#20588127915
0!
#20588129133
1"
#20588130351
0"
#20588131569
1"
#20588132787
0"
#20588134005
1"
#20588135223
0"
#20588135223
1!
#20588135223
0!
#20588136441
1"
#20588137659
0"
#20588137659
1!
#20588138877
1"
#20588140095
0"
#20588141313
1"
#20588142531
0"
#20588142531
0!
#20588143749
1"
#20588144967
0"
#20588146185
1"
#20588147403
0"
#20588147403
1!
#20588148621
1"
#20588149839
0"
#20588149839
0!
#20588151057
1"
#20588152275
0"
#20588152275
1!
#20588153493
1"
#20588154711
0"
#20588154711
0!
#20588155929
1"
#20588157147
0"
#20588157147
1!
#20588157147
0!
#20588158365
1"
#20588159583
0"
#20588160801
1"
#20588162019
0"
#20588163237
1"
#20588164455
0"
#20588165673
1"
#20588166891
0"
#20588168109
1"
#20588169327
0"
#20588169327
1!
#20588170545
1"
#20588171763
0"
#20588172981
1"
#20588174199
0"
#20588174199
0!
#20588175417
1"
#20588176635
0"
#20588177853
1"
#20588179071
0"
#20588179071
1!
#20588195396
0!
#20588196614
1"
#20588197832
1!
#20588481305
0!
#20588482523
0"
#20588482523
1!
#20588483741
1"
#20588484959
0"
#20588484959
0!
#20588486177
1"
#20588487395
0"
#20588488613
1"
#20588489831
0"
#20588491049
1"
#20588492267
0"
#20588493485
1"
#20588494703
0"
#20588495921
1"
#20588497139
0"
#20588497139
1!
#20588498357
1"
#20588499575
0"
#20588499575
0!
#20588500793
1"
#20588502011
0"
#20588503229
1"
#20588504447
0"
#20588504447
1!
#20588508946
0!
#20588510164
1"
#20588511382
0"
#20588512600
1"
#20588513818
0"
#20588515036
1"
#20588516254
0"
#20588517472
1"
#20588518690
0"
#20588518690
1!
#20588519908
1"
#20588521126
0"
#20588521126
0!
#20588522344
1"
#20588523562
0"
#20588523562
1!
#20588524780
1"
#20588525998
0"
#20588525998
0!
#20588527216
1"
#20588528434
0"
#20588529652
1"
#20588530870
0"
#20588530870
1!
#20588530870
0!
#20588532088
1"
#20588533306
0"
#20588534524
1"
#20588535742
0"
#20588536960
1"
#20588538178
0"
#20588538178
1!
#20588539396
1"
#20588540614
0"
#20588540614
0!
#20588541832
1"
#20588543050
0"
#20588544268
1"
#20588545486
0"
#20588545486
1!
#20588546704
1"
#20588547922
0"
#20588549140
1"
#20588550358
0"
#20588550358
0!
#20588551576
1"
#20588552794
0"
#20588552794
1!
#20588552794
0!
#20588554012
1"
#20588555230
0"
#20588556448
1"
#20588557666
0"
#20588558884
1"
#20588560102
0"
#20588561320
1"
#20588562538
0"
#20588562538
1!
#20588563756
1"
#20588564974
0"
#20588566192
1"
#20588567410
0"
#20588568628
1"
#20588569846
0"
#20588571064
1"
#20588572282
0"
#20588572282
0!
#20588573500
1"
#20588574718
0"
#20588574718
1!
#20588574718
0!
#20588575936
1"
#20588577154
0"
#20588577154
1!
#20588578372
1"
#20588579590
0"
#20588579590
0!
#20588580808
1"
#20588582026
0"
#20588583244
1"
#20588584462
0"
#20588585680
1"
#20588586898
0"
#20588586898
1!
#20588588116
1"
#20588589334
0"
#20588590552
1"
#20588591770
0"
#20588591770
0!
#20588592988
1"
#20588594206
0"
#20588595424
1"
#20588596642
0"
#20588596642
1!
#20588596642
0!
#20588597860
1"
#20588599078
0"
#20588600296
1"
#20588601514
0"
#20588602732
1"
#20588603950
0"
#20588605168
1"
#20588606386
0"
#20588607604
1"
#20588608822
0"
#20588610040
1"
#20588611258
0"
#20588612476
1"
#20588613694
0"
#20588614912
1"
#20588616130
0"
#20588617348
1"
#20588618566
0"
#20588618566
1!
#20588634891
0!
#20588636109
1"
#20588637327
1!
#20588920675
0!
#20588921893
0"
#20588921893
1!
#20588923111
1"
#20588924329
0"
#20588924329
0!
#20588925547
1"
#20588926765
0"
#20588927983
1"
#20588929201
0"
#20588930419
1"
#20588931637
0"
#20588932855
1"
#20588934073
0"
#20588935291
1"
#20588936509
0"
#20588936509
1!
#20588937727
1"
#20588938945
0"
#20588938945
0!
#20588940163
1"
#20588941381
0"
#20588942599
1"
#20588943817
0"
#20588943817
1!
#20588948316
0!
#20588949534
1"
#20588950752
0"
#20588951970
1"
#20588953188
0"
#20588954406
1"
#20588955624
0"
#20588956842
1"
#20588958060
0"
#20588958060
1!
#20588959278
1"
#20588960496
0"
#20588961714
1"
#20588962932
0"
#20588964150
1"
#20588965368
0"
#20588965368
0!
#20588966586
1"
#20588967804
0"
#20588969022
1"
#20588970240
0"
#20588970240
1!
#20588971458
1"
#20588972676
0"
#20588973894
1"
#20588975112
0"
#20588976330
1"
#20588977548
0"
#20588978766
1"
#20588979984
0"
#20588979984
0!
#20588981202
1"
#20588982420
0"
#20588982420
1!
#20588983638
1"
#20588984856
0"
#20588986074
1"
#20588987292
0"
#20588987292
0!
#20588988510
1"
#20588989728
0"
#20588990946
1"
#20588992164
0"
#20588992164
1!
#20588992164
0!
#20588993382
1"
#20588994600
0"
#20588995818
1"
#20588997036
0"
#20588998254
1"
#20588999472
0"
#20589000690
1"
#20589001908
0"
#20589001908
1!
#20589003126
1"
#20589004344
0"
#20589005562
1"
#20589006780
0"
#20589007998
1"
#20589009216
0"
#20589010434
1"
#20589011652
0"
#20589011652
0!
#20589012870
1"
#20589014088
0"
#20589014088
1!
#20589014088
0!
#20589015306
1"
#20589016524
0"
#20589017742
1"
#20589018960
0"
#20589018960
1!
#20589020178
1"
#20589021396
0"
#20589021396
0!
#20589022614
1"
#20589023832
0"
#20589023832
1!
#20589025050
1"
#20589026268
0"
#20589026268
0!
#20589027486
1"
#20589028704
0"
#20589029922
1"
#20589031140
0"
#20589031140
1!
#20589032358
1"
#20589033576
0"
#20589033576
0!
#20589034794
1"
#20589036012
0"
#20589036012
1!
#20589036012
0!
#20589037230
1"
#20589038448
0"
#20589039666
1"
#20589040884
0"
#20589042102
1"
#20589043320
0"
#20589044538
1"
#20589045756
0"
#20589046974
1"
#20589048192
0"
#20589049410
1"
#20589050628
0"
#20589051846
1"
#20589053064
0"
#20589053064
1!
#20589054282
1"
#20589055500
0"
#20589055500
0!
#20589056718
1"
#20589057936
0"
#20589057936
1!
#20589071318
0!
#20589072536
1"
#20589073754
1!
#20589289801
0!
#20589291019
0"
#20589291019
1!
#20589292237
1"
#20589293455
0"
#20589293455
0!
#20589294673
1"
#20589295891
0"
#20589297109
1"
#20589298327
0"
#20589299545
1"
#20589300763
0"
#20589301981
1"
#20589303199
0"
#20589304417
1"
#20589305635
0"
#20589305635
1!
#20589306853
1"
#20589308071
0"
#20589308071
0!
#20589309289
1"
#20589310507
0"
#20589311725
1"
#20589312943
0"
#20589312943
1!
#20589317447
0!
#20589318665
1"
#20589319883
0"
#20589321101
1"
#20589322319
0"
#20589323537
1"
#20589324755
0"
#20589324755
1!
#20589325973
1"
#20589327191
0"
#20589327191
0!
#20589328409
1"
#20589329627
0"
#20589330845
1"
#20589332063
0"
#20589332063
1!
#20589333281
1"
#20589334499
0"
#20589334499
0!
#20589335717
1"
#20589336935
0"
#20589338153
1"
#20589339371
0"
#20589339371
1!
#20589340589
1"
#20589341807
0"
#20589343025
1"
#20589344243
0"
#20589344243
0!
#20589345461
1"
#20589346679
0"
#20589346679
1!
#20589347897
1"
#20589349115
0"
#20589350333
1"
#20589351551
0"
#20589351551
0!
#20589352769
1"
#20589353987
0"
#20589355205
1"
#20589356423
0"
#20589356423
1!
#20589357641
1"
#20589358859
0"
#20589358859
0!
#20589360077
1"
#20589361295
0"
#20589361295
1!
#20589361295
0!
#20589362513
1"
#20589363731
0"
#20589364949
1"
#20589366167
0"
#20589367385
1"
#20589368603
0"
#20589369821
1"
#20589371039
0"
#20589372257
1"
#20589373475
0"
#20589374693
1"
#20589375911
0"
#20589377129
1"
#20589378347
0"
#20589379565
1"
#20589380783
0"
#20589382001
1"
#20589383219
0"
#20589383219
1!
#20589384437
1"
#20589385655
0"
#20589386873
1"
#20589388091
0"
#20589388091
0!
#20589389309
1"
#20589390527
0"
#20589390527
1!
#20589391745
1"
#20589392963
0"
#20589394181
1"
#20589395399
0"
#20589395399
0!
#20589396617
1"
#20589397835
0"
#20589399053
1"
#20589400271
0"
#20589400271
1!
#20589401489
1"
#20589402707
0"
#20589402707
0!
#20589403925
1"
#20589405143
0"
#20589405143
1!
#20589405143
0!
#20589406361
1"
#20589407579
0"
#20589408797
1"
#20589410015
0"
#20589411233
1"
#20589412451
0"
#20589413669
1"
#20589414887
0"
#20589416105
1"
#20589417323
0"
#20589418541
1"
#20589419759
0"
#20589419759
1!
#20589420977
1"
#20589422195
0"
#20589422195
0!
#20589423413
1"
#20589424631
0"
#20589425849
1"
#20589427067
0"
#20589427067
1!
#20589443392
0!
#20589444610
1"
#20589445828
1!
#20589729175
0!
#20589730393
0"
#20589730393
1!
#20589731611
1"
#20589732829
0"
#20589732829
0!
#20589734047
1"
#20589735265
0"
#20589736483
1"
#20589737701
0"
#20589738919
1"
#20589740137
0"
#20589741355
1"
#20589742573
0"
#20589743791
1"
#20589745009
0"
#20589746227
1"
#20589747445
0"
#20589748663
1"
#20589749881
0"
#20589751099
1"
#20589752317
0"
#20589752317
1!
#20589756817
0!
#20589758035
1"
#20589759253
0"
#20589760471
1"
#20589761689
0"
#20589761689
1!
#20589762907
1"
#20589764125
0"
#20589764125
0!
#20589765343
1"
#20589766561
0"
#20589767779
1"
#20589768997
0"
#20589768997
1!
#20589770215
1"
#20589771433
0"
#20589772651
1"
#20589773869
0"
#20589773869
0!
#20589775087
1"
#20589776305
0"
#20589777523
1"
#20589778741
0"
#20589778741
1!
#20589778741
0!
#20589779959
1"
#20589781177
0"
#20589782395
1"
#20589783613
0"
#20589784831
1"
#20589786049
0"
#20589786049
1!
#20589787267
1"
#20589788485
0"
#20589789703
1"
#20589790921
0"
#20589790921
0!
#20589792139
1"
#20589793357
0"
#20589794575
1"
#20589795793
0"
#20589797011
1"
#20589798229
0"
#20589799447
1"
#20589800665
0"
#20589800665
1!
#20589800665
0!
#20589801883
1"
#20589803101
0"
#20589804319
1"
#20589805537
0"
#20589806755
1"
#20589807973
0"
#20589809191
1"
#20589810409
0"
#20589811627
1"
#20589812845
0"
#20589812845
1!
#20589814063
1"
#20589815281
0"
#20589816499
1"
#20589817717
0"
#20589818935
1"
#20589820153
0"
#20589820153
0!
#20589821371
1"
#20589822589
0"
#20589822589
1!
#20589822589
0!
#20589823807
1"
#20589825025
0"
#20589825025
1!
#20589826243
1"
#20589827461
0"
#20589827461
0!
#20589828679
1"
#20589829897
0"
#20589831115
1"
#20589832333
0"
#20589832333
1!
#20589833551
1"
#20589834769
0"
#20589834769
0!
#20589835987
1"
#20589837205
0"
#20589837205
1!
#20589838423
1"
#20589839641
0"
#20589840859
1"
#20589842077
0"
#20589842077
0!
#20589843295
1"
#20589844513
0"
#20589844513
1!
#20589844513
0!
#20589845731
1"
#20589846949
0"
#20589848167
1"
#20589849385
0"
#20589850603
1"
#20589851821
0"
#20589853039
1"
#20589854257
0"
#20589854257
1!
#20589855475
1"
#20589856693
0"
#20589856693
0!
#20589857911
1"
#20589859129
0"
#20589860347
1"
#20589861565
0"
#20589862783
1"
#20589864001
0"
#20589865219
1"
#20589866437
0"
#20589866437
1!
#20589882762
0!
#20589883980
1"
#20589885198
1!
#20590168441
0!
#20590169659
0"
#20590169659
1!
#20590170877
1"
#20590172095
0"
#20590172095
0!
#20590173313
1"
#20590174531
0"
#20590175749
1"
#20590176967
0"
#20590178185
1"
#20590179403
0"
#20590180621
1"
#20590181839
0"
#20590183057
1"
#20590184275
0"
#20590185493
1"
#20590186711
0"
#20590187929
1"
#20590189147
0"
#20590190365
1"
#20590191583
0"
#20590191583
1!
#20590196475
0!
#20590197693
1"
#20590198911
0"
#20590200129
1"
#20590201347
0"
#20590201347
1!
#20590202565
1"
#20590203783
0"
#20590203783
0!
#20590205001
1"
#20590206219
0"
#20590206219
1!
#20590207437
1"
#20590208655
0"
#20590208655
0!
#20590209873
1"
#20590211091
0"
#20590211091
1!
#20590212309
1"
#20590213527
0"
#20590213527
0!
#20590214745
1"
#20590215963
0"
#20590217181
1"
#20590218399
0"
#20590218399
1!
#20590219617
1"
#20590220835
0"
#20590222053
1"
#20590223271
0"
#20590224489
1"
#20590225707
0"
#20590226925
1"
#20590228143
0"
#20590229361
1"
#20590230579
0"
#20590230579
0!
#20590231797
1"
#20590233015
0"
#20590233015
1!
#20590234233
1"
#20590235451
0"
#20590236669
1"
#20590237887
0"
#20590237887
0!
#20590239105
1"
#20590240323
0"
#20590240323
1!
#20590240323
0!
#20590241541
1"
#20590242759
0"
#20590243977
1"
#20590245195
0"
#20590246413
1"
#20590247631
0"
#20590248849
1"
#20590250067
0"
#20590251285
1"
#20590252503
0"
#20590252503
1!
#20590253721
1"
#20590254939
0"
#20590256157
1"
#20590257375
0"
#20590258593
1"
#20590259811
0"
#20590259811
0!
#20590261029
1"
#20590262247
0"
#20590262247
1!
#20590262247
0!
#20590263465
1"
#20590264683
0"
#20590265901
1"
#20590267119
0"
#20590267119
1!
#20590268337
1"
#20590269555
0"
#20590269555
0!
#20590270773
1"
#20590271991
0"
#20590271991
1!
#20590273209
1"
#20590274427
0"
#20590275645
1"
#20590276863
0"
#20590278081
1"
#20590279299
0"
#20590279299
0!
#20590280517
1"
#20590281735
0"
#20590282953
1"
#20590284171
0"
#20590284171
1!
#20590284171
0!
#20590285389
1"
#20590286607
0"
#20590287825
1"
#20590289043
0"
#20590290261
1"
#20590291479
0"
#20590292697
1"
#20590293915
0"
#20590293915
1!
#20590295133
1"
#20590296351
0"
#20590296351
0!
#20590297569
1"
#20590298787
0"
#20590300005
1"
#20590301223
0"
#20590301223
1!
#20590302441
1"
#20590303659
0"
#20590303659
0!
#20590304877
1"
#20590306095
0"
#20590306095
1!
#20590322633
0!
#20590323851
1"
#20590325069
1!
#20590575241
0!
#20590576459
0"
#20590576459
1!
#20590577677
1"
#20590578895
0"
#20590578895
0!
#20590580113
1"
#20590581331
0"
#20590582549
1"
#20590583767
0"
#20590584985
1"
#20590586203
0"
#20590587421
1"
#20590588639
0"
#20590589857
1"
#20590591075
0"
#20590592293
1"
#20590593511
0"
#20590594729
1"
#20590595947
0"
#20590597165
1"
#20590598383
0"
#20590598383
1!
#20590601087
0!
#20590602305
1"
#20590603523
0"
#20590604741
1"
#20590605959
0"
#20590605959
1!
#20590607177
1"
#20590608395
0"
#20590608395
0!
#20590609613
1"
#20590610831
0"
#20590610831
1!
#20590612049
1"
#20590613267
0"
#20590614485
1"
#20590615703
0"
#20590616921
1"
#20590618139
0"
#20590618139
0!
#20590619357
1"
#20590620575
0"
#20590621793
1"
#20590623011
0"
#20590623011
1!
#20590624229
1"
#20590625447
0"
#20590626665
1"
#20590627883
0"
#20590627883
0!
#20590629101
1"
#20590630319
0"
#20590630319
1!
#20590631537
1"
#20590632755
0"
#20590633973
1"
#20590635191
0"
#20590636409
1"
#20590637627
0"
#20590638845
1"
#20590640063
0"
#20590640063
0!
#20590641281
1"
#20590642499
0"
#20590643717
1"
#20590644935
0"
#20590644935
1!
#20590644935
0!
#20590646153
1"
#20590647371
0"
#20590648589
1"
#20590649807
0"
#20590651025
1"
#20590652243
0"
#20590653461
1"
#20590654679
0"
#20590654679
1!
#20590655897
1"
#20590657115
0"
#20590657115
0!
#20590658333
1"
#20590659551
0"
#20590660769
1"
#20590661987
0"
#20590663205
1"
#20590664423
0"
#20590665641
1"
#20590666859
0"
#20590666859
1!
#20590666859
0!
#20590668077
1"
#20590669295
0"
#20590669295
1!
#20590670513
1"
#20590671731
0"
#20590671731
0!
#20590672949
1"
#20590674167
0"
#20590675385
1"
#20590676603
0"
#20590677821
1"
#20590679039
0"
#20590679039
1!
#20590680257
1"
#20590681475
0"
#20590681475
0!
#20590682693
1"
#20590683911
0"
#20590685129
1"
#20590686347
0"
#20590687565
1"
#20590688783
0"
#20590688783
1!
#20590688783
0!
#20590690001
1"
#20590691219
0"
#20590692437
1"
#20590693655
0"
#20590694873
1"
#20590696091
0"
#20590697309
1"
#20590698527
0"
#20590698527
1!
#20590699745
1"
#20590700963
0"
#20590700963
0!
#20590702181
1"
#20590703399
0"
#20590704617
1"
#20590705835
0"
#20590705835
1!
#20590707053
1"
#20590708271
0"
#20590708271
0!
#20590709489
1"
#20590710707
0"
#20590710707
1!
#20590727032
0!
#20590728250
1"
#20590729468
1!
#20591012815
0!
#20591014033
0"
#20591014033
1!
#20591015251
1"
#20591016469
0"
#20591016469
0!
#20591017687
1"
#20591018905
0"
#20591020123
1"
#20591021341
0"
#20591022559
1"
#20591023777
0"
#20591024995
1"
#20591026213
0"
#20591027431
1"
#20591028649
0"
#20591029867
1"
#20591031085
0"
#20591032303
1"
#20591033521
0"
#20591034739
1"
#20591035957
0"
#20591035957
1!
#20591040457
0!
#20591041675
1"
#20591042893
0"
#20591044111
1"
#20591045329
0"
#20591046547
1"
#20591047765
0"
#20591047765
1!
#20591048983
1"
#20591050201
0"
#20591050201
0!
#20591051419
1"
#20591052637
0"
#20591052637
1!
#20591053855
1"
#20591055073
0"
#20591056291
1"
#20591057509
0"
#20591057509
0!
#20591058727
1"
#20591059945
0"
#20591061163
1"
#20591062381
0"
#20591062381
1!
#20591063599
1"
#20591064817
0"
#20591064817
0!
#20591066035
1"
#20591067253
0"
#20591068471
1"
#20591069689
0"
#20591070907
1"
#20591072125
0"
#20591072125
1!
#20591073343
1"
#20591074561
0"
#20591075779
1"
#20591076997
0"
#20591076997
0!
#20591078215
1"
#20591079433
0"
#20591080651
1"
#20591081869
0"
#20591083087
1"
#20591084305
0"
#20591084305
1!
#20591084305
0!
#20591085523
1"
#20591086741
0"
#20591087959
1"
#20591089177
0"
#20591090395
1"
#20591091613
0"
#20591092831
1"
#20591094049
0"
#20591095267
1"
#20591096485
0"
#20591097703
1"
#20591098921
0"
#20591098921
1!
#20591100139
1"
#20591101357
0"
#20591102575
1"
#20591103793
0"
#20591103793
0!
#20591105011
1"
#20591106229
0"
#20591106229
1!
#20591107447
1"
#20591108665
0"
#20591108665
0!
#20591109883
1"
#20591111101
0"
#20591111101
1!
#20591112319
1"
#20591113537
0"
#20591114755
1"
#20591115973
0"
#20591117191
1"
#20591118409
0"
#20591119627
1"
#20591120845
0"
#20591122063
1"
#20591123281
0"
#20591124499
1"
#20591125717
0"
#20591125717
0!
#20591126935
1"
#20591128153
0"
#20591128153
1!
#20591128153
0!
#20591129371
1"
#20591130589
0"
#20591131807
1"
#20591133025
0"
#20591134243
1"
#20591135461
0"
#20591136679
1"
#20591137897
0"
#20591139115
1"
#20591140333
0"
#20591140333
1!
#20591141551
1"
#20591142769
0"
#20591142769
0!
#20591143987
1"
#20591145205
0"
#20591146423
1"
#20591147641
0"
#20591148859
1"
#20591150077
0"
#20591150077
1!
#20591166470
0!
#20591167688
1"
#20591168906
1!
#20591452332
0!
#20591453550
0"
#20591453550
1!
#20591454768
1"
#20591455986
0"
#20591455986
0!
#20591457204
1"
#20591458422
0"
#20591459640
1"
#20591460858
0"
#20591462076
1"
#20591463294
0"
#20591464512
1"
#20591465730
0"
#20591466948
1"
#20591468166
0"
#20591469384
1"
#20591470602
0"
#20591471820
1"
#20591473038
0"
#20591474256
1"
#20591475474
0"
#20591475474
1!
#20591479974
0!
#20591481192
1"
#20591482410
0"
#20591483628
1"
#20591484846
0"
#20591486064
1"
#20591487282
0"
#20591487282
1!
#20591488500
1"
#20591489718
0"
#20591490936
1"
#20591492154
0"
#20591492154
0!
#20591493372
1"
#20591494590
0"
#20591494590
1!
#20591495808
1"
#20591497026
0"
#20591497026
0!
#20591498244
1"
#20591499462
0"
#20591500680
1"
#20591501898
0"
#20591501898
1!
#20591501898
0!
#20591503116
1"
#20591504334
0"
#20591504334
1!
#20591505552
1"
#20591506770
0"
#20591507988
1"
#20591509206
0"
#20591509206
0!
#20591510424
1"
#20591511642
0"
#20591511642
1!
#20591512860
1"
#20591514078
0"
#20591515296
1"
#20591516514
0"
#20591517732
1"
#20591518950
0"
#20591520168
1"
#20591521386
0"
#20591521386
0!
#20591522604
1"
#20591523822
0"
#20591523822
1!
#20591523822
0!
#20591525040
1"
#20591526258
0"
#20591527476
1"
#20591528694
0"
#20591529912
1"
#20591531130
0"
#20591532348
1"
#20591533566
0"
#20591534784
1"
#20591536002
0"
#20591536002
1!
#20591537220
1"
#20591538438
0"
#20591538438
0!
#20591539656
1"
#20591540874
0"
#20591542092
1"
#20591543310
0"
#20591544528
1"
#20591545746
0"
#20591545746
1!
#20591546964
1"
#20591548182
0"
#20591548182
0!
#20591549400
1"
#20591550618
0"
#20591550618
1!
#20591551836
1"
#20591553054
0"
#20591553054
0!
#20591554272
1"
#20591555490
0"
#20591556708
1"
#20591557926
0"
#20591559144
1"
#20591560362
0"
#20591560362
1!
#20591561580
1"
#20591562798
0"
#20591562798
0!
#20591564016
1"
#20591565234
0"
#20591566452
1"
#20591567670
0"
#20591567670
1!
#20591567670
0!
#20591568888
1"
#20591570106
0"
#20591571324
1"
#20591572542
0"
#20591573760
1"
#20591574978
0"
#20591576196
1"
#20591577414
0"
#20591578632
1"
#20591579850
0"
#20591579850
1!
#20591581068
1"
#20591582286
0"
#20591582286
0!
#20591583504
1"
#20591584722
0"
#20591584722
1!
#20591585940
1"
#20591587158
0"
#20591587158
0!
#20591588376
1"
#20591589594
0"
#20591589594
1!
#20591605919
0!
#20591607137
1"
#20591608355
1!
#20591891702
0!
#20591892920
0"
#20591892920
1!
#20591894138
1"
#20591895356
0"
#20591895356
0!
#20591896574
1"
#20591897792
0"
#20591899010
1"
#20591900228
0"
#20591901446
1"
#20591902664
0"
#20591903882
1"
#20591905100
0"
#20591906318
1"
#20591907536
0"
#20591908754
1"
#20591909972
0"
#20591911190
1"
#20591912408
0"
#20591913626
1"
#20591914844
0"
#20591914844
1!
#20591919344
0!
#20591920562
1"
#20591921780
0"
#20591922998
1"
#20591924216
0"
#20591925434
1"
#20591926652
0"
#20591926652
1!
#20591927870
1"
#20591929088
0"
#20591930306
1"
#20591931524
0"
#20591932742
1"
#20591933960
0"
#20591935178
1"
#20591936396
0"
#20591936396
0!
#20591937614
1"
#20591938832
0"
#20591940050
1"
#20591941268
0"
#20591941268
1!
#20591941268
0!
#20591942486
1"
#20591943704
0"
#20591943704
1!
#20591944922
1"
#20591946140
0"
#20591946140
0!
#20591947358
1"
#20591948576
0"
#20591948576
1!
#20591949794
1"
#20591951012
0"
#20591951012
0!
#20591952230
1"
#20591953448
0"
#20591954666
1"
#20591955884
0"
#20591955884
1!
#20591957102
1"
#20591958320
0"
#20591958320
0!
#20591959538
1"
#20591960756
0"
#20591961974
1"
#20591963192
0"
#20591963192
1!
#20591963192
0!
#20591964410
1"
#20591965628
0"
#20591966846
1"
#20591968064
0"
#20591969282
1"
#20591970500
0"
#20591971718
1"
#20591972936
0"
#20591974154
1"
#20591975372
0"
#20591975372
1!
#20591976590
1"
#20591977808
0"
#20591977808
0!
#20591979026
1"
#20591980244
0"
#20591980244
1!
#20591981462
1"
#20591982680
0"
#20591982680
0!
#20591983898
1"
#20591985116
0"
#20591985116
1!
#20591986334
1"
#20591987552
0"
#20591987552
0!
#20591988770
1"
#20591989988
0"
#20591989988
1!
#20591991206
1"
#20591992424
0"
#20591993642
1"
#20591994860
0"
#20591996078
1"
#20591997296
0"
#20591997296
0!
#20591998514
1"
#20591999732
0"
#20592000950
1"
#20592002168
0"
#20592003386
1"
#20592004604
0"
#20592005822
1"
#20592007040
0"
#20592007040
1!
#20592007040
0!
#20592008258
1"
#20592009476
0"
#20592010694
1"
#20592011912
0"
#20592013130
1"
#20592014348
0"
#20592015566
1"
#20592016784
0"
#20592018002
1"
#20592019220
0"
#20592019220
1!
#20592020438
1"
#20592021656
0"
#20592021656
0!
#20592022874
1"
#20592024092
0"
#20592024092
1!
#20592025310
1"
#20592026528
0"
#20592026528
0!
#20592027746
1"
#20592028964
0"
#20592028964
1!
#20592045289
0!
#20592046507
1"
#20592047725
1!
#20592289805
0!
#20592291023
0"
#20592291023
1!
#20592292241
1"
#20592293459
0"
#20592293459
0!
#20592294677
1"
#20592295895
0"
#20592297113
1"
#20592298331
0"
#20592299549
1"
#20592300767
0"
#20592301985
1"
#20592303203
0"
#20592304421
1"
#20592305639
0"
#20592306857
1"
#20592308075
0"
#20592309293
1"
#20592310511
0"
#20592311729
1"
#20592312947
0"
#20592312947
1!
#20592317451
0!
#20592318669
1"
#20592319887
0"
#20592321105
1"
#20592322323
0"
#20592323541
1"
#20592324759
0"
#20592325977
1"
#20592327195
0"
#20592328413
1"
#20592329631
0"
#20592329631
1!
#20592330849
1"
#20592332067
0"
#20592333285
1"
#20592334503
0"
#20592334503
0!
#20592335721
1"
#20592336939
0"
#20592338157
1"
#20592339375
0"
#20592339375
1!
#20592339375
0!
#20592340593
1"
#20592341811
0"
#20592343029
1"
#20592344247
0"
#20592345465
1"
#20592346683
0"
#20592347901
1"
#20592349119
0"
#20592350337
1"
#20592351555
0"
#20592352773
1"
#20592353991
0"
#20592355209
1"
#20592356427
0"
#20592357645
1"
#20592358863
0"
#20592360081
1"
#20592361299
0"
#20592361299
1!
#20592361299
0!
#20592362517
1"
#20592363735
0"
#20592364953
1"
#20592366171
0"
#20592367389
1"
#20592368607
0"
#20592369825
1"
#20592371043
0"
#20592372261
1"
#20592373479
0"
#20592374697
1"
#20592375915
0"
#20592377133
1"
#20592378351
0"
#20592379569
1"
#20592380787
0"
#20592382005
1"
#20592383223
0"
#20592383223
1!
#20592383223
0!
#20592384441
1"
#20592385659
0"
#20592386877
1"
#20592388095
0"
#20592388095
1!
#20592389313
1"
#20592390531
0"
#20592391749
1"
#20592392967
0"
#20592392967
0!
#20592394185
1"
#20592395403
0"
#20592396621
1"
#20592397839
0"
#20592397839
1!
#20592399057
1"
#20592400275
0"
#20592401493
1"
#20592402711
0"
#20592402711
0!
#20592403929
1"
#20592405147
0"
#20592405147
1!
#20592405147
0!
#20592406365
1"
#20592407583
0"
#20592408801
1"
#20592410019
0"
#20592411237
1"
#20592412455
0"
#20592413673
1"
#20592414891
0"
#20592416109
1"
#20592417327
0"
#20592418545
1"
#20592419763
0"
#20592420981
1"
#20592422199
0"
#20592422199
1!
#20592423417
1"
#20592424635
0"
#20592424635
0!
#20592425853
1"
#20592427071
0"
#20592427071
1!
#20592443396
0!
#20592444614
1"
#20592445832
1!
#20592729180
0!
#20592730398
0"
#20592730398
1!
#20592731616
1"
#20592732834
0"
#20592732834
0!
#20592734052
1"
#20592735270
0"
#20592736488
1"
#20592737706
0"
#20592738924
1"
#20592740142
0"
#20592741360
1"
#20592742578
0"
#20592743796
1"
#20592745014
0"
#20592746232
1"
#20592747450
0"
#20592748668
1"
#20592749886
0"
#20592751104
1"
#20592752322
0"
#20592752322
1!
#20592756821
0!
#20592758039
1"
#20592759257
0"
#20592760475
1"
#20592761693
0"
#20592762911
1"
#20592764129
0"
#20592765347
1"
#20592766565
0"
#20592766565
1!
#20592767783
1"
#20592769001
0"
#20592769001
0!
#20592770219
1"
#20592771437
0"
#20592771437
1!
#20592772655
1"
#20592773873
0"
#20592773873
0!
#20592775091
1"
#20592776309
0"
#20592777527
1"
#20592778745
0"
#20592778745
1!
#20592779963
1"
#20592781181
0"
#20592782399
1"
#20592783617
0"
#20592784835
1"
#20592786053
0"
#20592786053
0!
#20592787271
1"
#20592788489
0"
#20592789707
1"
#20592790925
0"
#20592792143
1"
#20592793361
0"
#20592793361
1!
#20592794579
1"
#20592795797
0"
#20592797015
1"
#20592798233
0"
#20592798233
0!
#20592799451
1"
#20592800669
0"
#20592800669
1!
#20592800669
0!
#20592801887
1"
#20592803105
0"
#20592804323
1"
#20592805541
0"
#20592806759
1"
#20592807977
0"
#20592809195
1"
#20592810413
0"
#20592811631
1"
#20592812849
0"
#20592814067
1"
#20592815285
0"
#20592816503
1"
#20592817721
0"
#20592818939
1"
#20592820157
0"
#20592821375
1"
#20592822593
0"
#20592822593
1!
#20592822593
0!
#20592823811
1"
#20592825029
0"
#20592826247
1"
#20592827465
0"
#20592828683
1"
#20592829901
0"
#20592829901
1!
#20592831119
1"
#20592832337
0"
#20592832337
0!
#20592833555
1"
#20592834773
0"
#20592834773
1!
#20592835991
1"
#20592837209
0"
#20592838427
1"
#20592839645
0"
#20592839645
0!
#20592840863
1"
#20592842081
0"
#20592843299
1"
#20592844517
0"
#20592844517
1!
#20592844517
0!
#20592845735
1"
#20592846953
0"
#20592848171
1"
#20592849389
0"
#20592850607
1"
#20592851825
0"
#20592853043
1"
#20592854261
0"
#20592855479
1"
#20592856697
0"
#20592857915
1"
#20592859133
0"
#20592859133
1!
#20592860351
1"
#20592861569
0"
#20592861569
0!
#20592862787
1"
#20592864005
0"
#20592865223
1"
#20592866441
0"
#20592866441
1!
#20592882766
0!
#20592883984
1"
#20592885202
1!
#20593163712
0!
#20593164930
0"
#20593164930
1!
#20593166148
1"
#20593167366
0"
#20593167366
0!
#20593168584
1"
#20593169802
0"
#20593171020
1"
#20593172238
0"
#20593173456
1"
#20593174674
0"
#20593175892
1"
#20593177110
0"
#20593178328
1"
#20593179546
0"
#20593180764
1"
#20593181982
0"
#20593183200
1"
#20593184418
0"
#20593185636
1"
#20593186854
0"
#20593186854
1!
#20593191675
0!
#20593192893
1"
#20593194111
0"
#20593195329
1"
#20593196547
0"
#20593197765
1"
#20593198983
0"
#20593200201
1"
#20593201419
0"
#20593201419
1!
#20593202637
1"
#20593203855
0"
#20593205073
1"
#20593206291
0"
#20593207509
1"
#20593208727
0"
#20593208727
0!
#20593209945
1"
#20593211163
0"
#20593212381
1"
#20593213599
0"
#20593213599
1!
#20593214817
1"
#20593216035
0"
#20593217253
1"
#20593218471
0"
#20593218471
0!
#20593219689
1"
#20593220907
0"
#20593222125
1"
#20593223343
0"
#20593224561
1"
#20593225779
0"
#20593225779
1!
#20593226997
1"
#20593228215
0"
#20593229433
1"
#20593230651
0"
#20593230651
0!
#20593231869
1"
#20593233087
0"
#20593234305
1"
#20593235523
0"
#20593235523
1!
#20593235523
0!
#20593236741
1"
#20593237959
0"
#20593239177
1"
#20593240395
0"
#20593241613
1"
#20593242831
0"
#20593244049
1"
#20593245267
0"
#20593246485
1"
#20593247703
0"
#20593248921
1"
#20593250139
0"
#20593251357
1"
#20593252575
0"
#20593252575
1!
#20593253793
1"
#20593255011
0"
#20593255011
0!
#20593256229
1"
#20593257447
0"
#20593257447
1!
#20593257447
0!
#20593258665
1"
#20593259883
0"
#20593261101
1"
#20593262319
0"
#20593262319
1!
#20593263537
1"
#20593264755
0"
#20593264755
0!
#20593265973
1"
#20593267191
0"
#20593267191
1!
#20593268409
1"
#20593269627
0"
#20593270845
1"
#20593272063
0"
#20593272063
0!
#20593273281
1"
#20593274499
0"
#20593275717
1"
#20593276935
0"
#20593278153
1"
#20593279371
0"
#20593279371
1!
#20593279371
0!
#20593280589
1"
#20593281807
0"
#20593283025
1"
#20593284243
0"
#20593285461
1"
#20593286679
0"
#20593287897
1"
#20593289115
0"
#20593290333
1"
#20593291551
0"
#20593292769
1"
#20593293987
0"
#20593293987
1!
#20593295205
1"
#20593296423
0"
#20593296423
0!
#20593297641
1"
#20593298859
0"
#20593300077
1"
#20593301295
0"
#20593301295
1!
#20593317620
0!
#20593318838
1"
#20593320056
1!
#25573744343
0!
#25573745561
0"
#25573745561
1!
#25573746779
1"
#25573747997
0"
#25573747997
0!
#25573749215
1"
#25573750433
0"
#25573751651
1"
#25573752869
0"
#25573754087
1"
#25573755305
0"
#25573756523
1"
#25573757741
0"
#25573758959
1"
#25573760177
0"
#25573760177
1!
#25573761395
1"
#25573762613
0"
#25573762613
0!
#25573763831
1"
#25573765049
0"
#25573766267
1"
#25573767485
0"
#25573767485
1!
#25573771989
0!
#25573773207
1"
#25573774425
0"
#25573775643
1"
#25573776861
0"
#25573776861
1!
#25573778079
1"
#25573779297
0"
#25573779297
0!
#25573780515
1"
#25573781733
0"
#25573781733
1!
#25573782951
1"
#25573784169
0"
#25573784169
0!
#25573785387
1"
#25573786605
0"
#25573786605
1!
#25573787823
1"
#25573789041
0"
#25573789041
0!
#25573790259
1"
#25573791477
0"
#25573792695
1"
#25573793913
0"
#25573793913
1!
#25573793913
0!
#25573795131
1"
#25573796349
0"
#25573797567
1"
#25573798785
0"
#25573798785
1!
#25573800003
1"
#25573801221
0"
#25573801221
0!
#25573802439
1"
#25573803657
0"
#25573803657
1!
#25573804875
1"
#25573806093
0"
#25573806093
0!
#25573807311
1"
#25573808529
0"
#25573808529
1!
#25573809747
1"
#25573810965
0"
#25573812183
1"
#25573813401
0"
#25573813401
0!
#25573814619
1"
#25573815837
0"
#25573815837
1!
#25573815837
0!
#25573817055
1"
#25573818273
0"
#25573819491
1"
#25573820709
0"
#25573821927
1"
#25573823145
0"
#25573824363
1"
#25573825581
0"
#25573826799
1"
#25573828017
0"
#25573828017
1!
#25573829235
1"
#25573830453
0"
#25573831671
1"
#25573832889
0"
#25573832889
0!
#25573834107
1"
#25573835325
0"
#25573836543
1"
#25573837761
0"
#25573837761
1!
#25573838979
1"
#25573840197
0"
#25573840197
0!
#25573841415
1"
#25573842633
0"
#25573842633
1!
#25573843851
1"
#25573845069
0"
#25573846287
1"
#25573847505
0"
#25573847505
0!
#25573848723
1"
#25573849941
0"
#25573851159
1"
#25573852377
0"
#25573853595
1"
#25573854813
0"
#25573854813
1!
#25573856031
1"
#25573857249
0"
#25573857249
0!
#25573858467
1"
#25573859685
0"
#25573859685
1!
#25573859685
0!
#25573860903
1"
#25573862121
0"
#25573863339
1"
#25573864557
0"
#25573865775
1"
#25573866993
0"
#25573868211
1"
#25573869429
0"
#25573870647
1"
#25573871865
0"
#25573871865
1!
#25573873083
1"
#25573874301
0"
#25573875519
1"
#25573876737
0"
#25573877955
1"
#25573879173
0"
#25573879173
0!
#25573880391
1"
#25573881609
0"
#25573881609
1!
#25573897934
0!
#25573899152
1"
#25573900370
1!
#25574186400
0!
#25574187618
0"
#25574187618
1!
#25574188836
1"
#25574190054
0"
#25574190054
0!
#25574191272
1"
#25574192490
0"
#25574193708
1"
#25574194926
0"
#25574196144
1"
#25574197362
0"
#25574198580
1"
#25574199798
0"
#25574201016
1"
#25574202234
0"
#25574202234
1!
#25574203452
1"
#25574204670
0"
#25574204670
0!
#25574205888
1"
#25574207106
0"
#25574208324
1"
#25574209542
0"
#25574209542
1!
#25574214046
0!
#25574215264
1"
#25574216482
0"
#25574217700
1"
#25574218918
0"
#25574218918
1!
#25574220136
1"
#25574221354
0"
#25574221354
0!
#25574222572
1"
#25574223790
0"
#25574223790
1!
#25574225008
1"
#25574226226
0"
#25574227444
1"
#25574228662
0"
#25574229880
1"
#25574231098
0"
#25574231098
0!
#25574232316
1"
#25574233534
0"
#25574234752
1"
#25574235970
0"
#25574235970
1!
#25574235970
0!
#25574237188
1"
#25574238406
0"
#25574239624
1"
#25574240842
0"
#25574242060
1"
#25574243278
0"
#25574244496
1"
#25574245714
0"
#25574245714
1!
#25574246932
1"
#25574248150
0"
#25574249368
1"
#25574250586
0"
#25574251804
1"
#25574253022
0"
#25574253022
0!
#25574254240
1"
#25574255458
0"
#25574256676
1"
#25574257894
0"
#25574257894
1!
#25574257894
0!
#25574259112
1"
#25574260330
0"
#25574261548
1"
#25574262766
0"
#25574263984
1"
#25574265202
0"
#25574266420
1"
#25574267638
0"
#25574268856
1"
#25574270074
0"
#25574270074
1!
#25574271292
1"
#25574272510
0"
#25574273728
1"
#25574274946
0"
#25574276164
1"
#25574277382
0"
#25574277382
0!
#25574278600
1"
#25574279818
0"
#25574279818
1!
#25574279818
0!
#25574281036
1"
#25574282254
0"
#25574282254
1!
#25574283472
1"
#25574284690
0"
#25574284690
0!
#25574285908
1"
#25574287126
0"
#25574288344
1"
#25574289562
0"
#25574290780
1"
#25574291998
0"
#25574293216
1"
#25574294434
0"
#25574295652
1"
#25574296870
0"
#25574296870
1!
#25574298088
1"
#25574299306
0"
#25574299306
0!
#25574300524
1"
#25574301742
0"
#25574301742
1!
#25574301742
0!
#25574302960
1"
#25574304178
0"
#25574305396
1"
#25574306614
0"
#25574307832
1"
#25574309050
0"
#25574310268
1"
#25574311486
0"
#25574311486
1!
#25574312704
1"
#25574313922
0"
#25574313922
0!
#25574315140
1"
#25574316358
0"
#25574317576
1"
#25574318794
0"
#25574320012
1"
#25574321230
0"
#25574322448
1"
#25574323666
0"
#25574323666
1!
#25574339991
0!
#25574341209
1"
#25574342427
1!
#25574625775
0!
#25574626993
0"
#25574626993
1!
#25574628211
1"
#25574629429
0"
#25574629429
0!
#25574630647
1"
#25574631865
0"
#25574633083
1"
#25574634301
0"
#25574635519
1"
#25574636737
0"
#25574637955
1"
#25574639173
0"
#25574640391
1"
#25574641609
0"
#25574641609
1!
#25574642827
1"
#25574644045
0"
#25574644045
0!
#25574645263
1"
#25574646481
0"
#25574647699
1"
#25574648917
0"
#25574648917
1!
#25574653416
0!
#25574654634
1"
#25574655852
0"
#25574657070
1"
#25574658288
0"
#25574658288
1!
#25574659506
1"
#25574660724
0"
#25574661942
1"
#25574663160
0"
#25574663160
0!
#25574664378
1"
#25574665596
0"
#25574666814
1"
#25574668032
0"
#25574668032
1!
#25574669250
1"
#25574670468
0"
#25574670468
0!
#25574671686
1"
#25574672904
0"
#25574674122
1"
#25574675340
0"
#25574675340
1!
#25574676558
1"
#25574677776
0"
#25574678994
1"
#25574680212
0"
#25574681430
1"
#25574682648
0"
#25574683866
1"
#25574685084
0"
#25574685084
0!
#25574686302
1"
#25574687520
0"
#25574688738
1"
#25574689956
0"
#25574691174
1"
#25574692392
0"
#25574692392
1!
#25574693610
1"
#25574694828
0"
#25574694828
0!
#25574696046
1"
#25574697264
0"
#25574697264
1!
#25574697264
0!
#25574698482
1"
#25574699700
0"
#25574700918
1"
#25574702136
0"
#25574703354
1"
#25574704572
0"
#25574705790
1"
#25574707008
0"
#25574708226
1"
#25574709444
0"
#25574709444
1!
#25574710662
1"
#25574711880
0"
#25574713098
1"
#25574714316
0"
#25574715534
1"
#25574716752
0"
#25574716752
0!
#25574717970
1"
#25574719188
0"
#25574719188
1!
#25574720406
1"
#25574721624
0"
#25574722842
1"
#25574724060
0"
#25574725278
1"
#25574726496
0"
#25574727714
1"
#25574728932
0"
#25574728932
0!
#25574730150
1"
#25574731368
0"
#25574732586
1"
#25574733804
0"
#25574735022
1"
#25574736240
0"
#25574736240
1!
#25574737458
1"
#25574738676
0"
#25574738676
0!
#25574739894
1"
#25574741112
0"
#25574741112
1!
#25574741112
0!
#25574742330
1"
#25574743548
0"
#25574744766
1"
#25574745984
0"
#25574747202
1"
#25574748420
0"
#25574749638
1"
#25574750856
0"
#25574750856
1!
#25574752074
1"
#25574753292
0"
#25574753292
0!
#25574754510
1"
#25574755728
0"
#25574756946
1"
#25574758164
0"
#25574758164
1!
#25574759382
1"
#25574760600
0"
#25574760600
0!
#25574761818
1"
#25574763036
0"
#25574763036
1!
#25574779361
0!
#25574780579
1"
#25574781797
1!
#25575083628
0!
#25575084846
0"
#25575084846
1!
#25575086064
1"
#25575087282
0"
#25575087282
0!
#25575088500
1"
#25575089718
0"
#25575090936
1"
#25575092154
0"
#25575093372
1"
#25575094590
0"
#25575095808
1"
#25575097026
0"
#25575098244
1"
#25575099462
0"
#25575099462
1!
#25575100680
1"
#25575101898
0"
#25575101898
0!
#25575103116
1"
#25575104334
0"
#25575105552
1"
#25575106770
0"
#25575106770
1!
#25575112915
0!
#25575114133
1"
#25575115351
0"
#25575116569
1"
#25575117787
0"
#25575119005
1"
#25575120223
0"
#25575120223
1!
#25575121441
1"
#25575122659
0"
#25575123877
1"
#25575125095
0"
#25575125095
0!
#25575126313
1"
#25575127531
0"
#25575127531
1!
#25575128749
1"
#25575129967
0"
#25575129967
0!
#25575131185
1"
#25575132403
0"
#25575133621
1"
#25575134839
0"
#25575134839
1!
#25575136057
1"
#25575137275
0"
#25575137275
0!
#25575138493
1"
#25575139711
0"
#25575140929
1"
#25575142147
0"
#25575142147
1!
#25575143365
1"
#25575144583
0"
#25575145801
1"
#25575147019
0"
#25575148237
1"
#25575149455
0"
#25575150673
1"
#25575151891
0"
#25575153109
1"
#25575154327
0"
#25575154327
0!
#25575155545
1"
#25575156763
0"
#25575156763
1!
#25575156763
0!
#25575157981
1"
#25575159199
0"
#25575160417
1"
#25575161635
0"
#25575162853
1"
#25575164071
0"
#25575165289
1"
#25575166507
0"
#25575167725
1"
#25575168943
0"
#25575170161
1"
#25575171379
0"
#25575171379
1!
#25575172597
1"
#25575173815
0"
#25575173815
0!
#25575175033
1"
#25575176251
0"
#25575177469
1"
#25575178687
0"
#25575178687
1!
#25575178687
0!
#25575179905
1"
#25575181123
0"
#25575182341
1"
#25575183559
0"
#25575183559
1!
#25575184777
1"
#25575185995
0"
#25575185995
0!
#25575187213
1"
#25575188431
0"
#25575189649
1"
#25575190867
0"
#25575190867
1!
#25575192085
1"
#25575193303
0"
#25575193303
0!
#25575194521
1"
#25575195739
0"
#25575195739
1!
#25575196957
1"
#25575198175
0"
#25575198175
0!
#25575199393
1"
#25575200611
0"
#25575200611
1!
#25575200611
0!
#25575201829
1"
#25575203047
0"
#25575204265
1"
#25575205483
0"
#25575206701
1"
#25575207919
0"
#25575209137
1"
#25575210355
0"
#25575211573
1"
#25575212791
0"
#25575212791
1!
#25575214009
1"
#25575215227
0"
#25575215227
0!
#25575216445
1"
#25575217663
0"
#25575218881
1"
#25575220099
0"
#25575221317
1"
#25575222535
0"
#25575222535
1!
#25575238860
0!
#25575240078
1"
#25575241296
1!
#25575524644
0!
#25575525862
0"
#25575525862
1!
#25575527080
1"
#25575528298
0"
#25575528298
0!
#25575529516
1"
#25575530734
0"
#25575531952
1"
#25575533170
0"
#25575534388
1"
#25575535606
0"
#25575536824
1"
#25575538042
0"
#25575539260
1"
#25575540478
0"
#25575540478
1!
#25575541696
1"
#25575542914
0"
#25575542914
0!
#25575544132
1"
#25575545350
0"
#25575546568
1"
#25575547786
0"
#25575547786
1!
#25575552285
0!
#25575553503
1"
#25575554721
0"
#25575555939
1"
#25575557157
0"
#25575558375
1"
#25575559593
0"
#25575559593
1!
#25575560811
1"
#25575562029
0"
#25575563247
1"
#25575564465
0"
#25575565683
1"
#25575566901
0"
#25575568119
1"
#25575569337
0"
#25575569337
0!
#25575570555
1"
#25575571773
0"
#25575572991
1"
#25575574209
0"
#25575574209
1!
#25575575427
1"
#25575576645
0"
#25575576645
0!
#25575577863
1"
#25575579081
0"
#25575580299
1"
#25575581517
0"
#25575582735
1"
#25575583953
0"
#25575585171
1"
#25575586389
0"
#25575587607
1"
#25575588825
0"
#25575588825
1!
#25575590043
1"
#25575591261
0"
#25575591261
0!
#25575592479
1"
#25575593697
0"
#25575594915
1"
#25575596133
0"
#25575596133
1!
#25575596133
0!
#25575597351
1"
#25575598569
0"
#25575599787
1"
#25575601005
0"
#25575602223
1"
#25575603441
0"
#25575604659
1"
#25575605877
0"
#25575607095
1"
#25575608313
0"
#25575609531
1"
#25575610749
0"
#25575610749
1!
#25575611967
1"
#25575613185
0"
#25575614403
1"
#25575615621
0"
#25575615621
0!
#25575616839
1"
#25575618057
0"
#25575618057
1!
#25575619275
1"
#25575620493
0"
#25575620493
0!
#25575621711
1"
#25575622929
0"
#25575622929
1!
#25575624147
1"
#25575625365
0"
#25575626583
1"
#25575627801
0"
#25575627801
0!
#25575629019
1"
#25575630237
0"
#25575630237
1!
#25575631455
1"
#25575632673
0"
#25575632673
0!
#25575633891
1"
#25575635109
0"
#25575635109
1!
#25575636327
1"
#25575637545
0"
#25575637545
0!
#25575638763
1"
#25575639981
0"
#25575639981
1!
#25575639981
0!
#25575641199
1"
#25575642417
0"
#25575643635
1"
#25575644853
0"
#25575646071
1"
#25575647289
0"
#25575648507
1"
#25575649725
0"
#25575650943
1"
#25575652161
0"
#25575652161
1!
#25575653379
1"
#25575654597
0"
#25575654597
0!
#25575655815
1"
#25575657033
0"
#25575658251
1"
#25575659469
0"
#25575660687
1"
#25575661905
0"
#25575661905
1!
#25575678230
0!
#25575679448
1"
#25575680666
1!
#25575964014
0!
#25575965232
0"
#25575965232
1!
#25575966450
1"
#25575967668
0"
#25575967668
0!
#25575968886
1"
#25575970104
0"
#25575971322
1"
#25575972540
0"
#25575973758
1"
#25575974976
0"
#25575976194
1"
#25575977412
0"
#25575978630
1"
#25575979848
0"
#25575979848
1!
#25575981066
1"
#25575982284
0"
#25575982284
0!
#25575983502
1"
#25575984720
0"
#25575985938
1"
#25575987156
0"
#25575987156
1!
#25575991655
0!
#25575992873
1"
#25575994091
0"
#25575995309
1"
#25575996527
0"
#25575996527
1!
#25575997745
1"
#25575998963
0"
#25575998963
0!
#25576000181
1"
#25576001399
0"
#25576002617
1"
#25576003835
0"
#25576005053
1"
#25576006271
0"
#25576006271
1!
#25576007489
1"
#25576008707
0"
#25576008707
0!
#25576009925
1"
#25576011143
0"
#25576012361
1"
#25576013579
0"
#25576013579
1!
#25576013579
0!
#25576014797
1"
#25576016015
0"
#25576016015
1!
#25576017233
1"
#25576018451
0"
#25576019669
1"
#25576020887
0"
#25576020887
0!
#25576022105
1"
#25576023323
0"
#25576024541
1"
#25576025759
0"
#25576025759
1!
#25576026977
1"
#25576028195
0"
#25576028195
0!
#25576029413
1"
#25576030631
0"
#25576030631
1!
#25576031849
1"
#25576033067
0"
#25576033067
0!
#25576034285
1"
#25576035503
0"
#25576035503
1!
#25576035503
0!
#25576036721
1"
#25576037939
0"
#25576039157
1"
#25576040375
0"
#25576041593
1"
#25576042811
0"
#25576044029
1"
#25576045247
0"
#25576046465
1"
#25576047683
0"
#25576047683
1!
#25576048901
1"
#25576050119
0"
#25576050119
0!
#25576051337
1"
#25576052555
0"
#25576053773
1"
#25576054991
0"
#25576056209
1"
#25576057427
0"
#25576057427
1!
#25576057427
0!
#25576058645
1"
#25576059863
0"
#25576059863
1!
#25576061081
1"
#25576062299
0"
#25576063517
1"
#25576064735
0"
#25576064735
0!
#25576065953
1"
#25576067171
0"
#25576068389
1"
#25576069607
0"
#25576069607
1!
#25576070825
1"
#25576072043
0"
#25576072043
0!
#25576073261
1"
#25576074479
0"
#25576074479
1!
#25576075697
1"
#25576076915
0"
#25576076915
0!
#25576078133
1"
#25576079351
0"
#25576079351
1!
#25576079351
0!
#25576080569
1"
#25576081787
0"
#25576083005
1"
#25576084223
0"
#25576085441
1"
#25576086659
0"
#25576087877
1"
#25576089095
0"
#25576090313
1"
#25576091531
0"
#25576091531
1!
#25576092749
1"
#25576093967
0"
#25576095185
1"
#25576096403
0"
#25576096403
0!
#25576097621
1"
#25576098839
0"
#25576100057
1"
#25576101275
0"
#25576101275
1!
#25576117600
0!
#25576118818
1"
#25576120036
1!
#25576393705
0!
#25576394923
0"
#25576394923
1!
#25576396141
1"
#25576397359
0"
#25576397359
0!
#25576398577
1"
#25576399795
0"
#25576401013
1"
#25576402231
0"
#25576403449
1"
#25576404667
0"
#25576405885
1"
#25576407103
0"
#25576408321
1"
#25576409539
0"
#25576409539
1!
#25576410757
1"
#25576411975
0"
#25576411975
0!
#25576413193
1"
#25576414411
0"
#25576415629
1"
#25576416847
0"
#25576416847
1!
#25576421350
0!
#25576422568
1"
#25576423786
0"
#25576425004
1"
#25576426222
0"
#25576427440
1"
#25576428658
0"
#25576429876
1"
#25576431094
0"
#25576431094
1!
#25576432312
1"
#25576433530
0"
#25576433530
0!
#25576434748
1"
#25576435966
0"
#25576435966
1!
#25576437184
1"
#25576438402
0"
#25576438402
0!
#25576439620
1"
#25576440838
0"
#25576442056
1"
#25576443274
0"
#25576443274
1!
#25576443274
0!
#25576444492
1"
#25576445710
0"
#25576446928
1"
#25576448146
0"
#25576449364
1"
#25576450582
0"
#25576450582
1!
#25576451800
1"
#25576453018
0"
#25576453018
0!
#25576454236
1"
#25576455454
0"
#25576456672
1"
#25576457890
0"
#25576457890
1!
#25576459108
1"
#25576460326
0"
#25576461544
1"
#25576462762
0"
#25576462762
0!
#25576463980
1"
#25576465198
0"
#25576465198
1!
#25576465198
0!
#25576466416
1"
#25576467634
0"
#25576468852
1"
#25576470070
0"
#25576471288
1"
#25576472506
0"
#25576473724
1"
#25576474942
0"
#25576474942
1!
#25576476160
1"
#25576477378
0"
#25576478596
1"
#25576479814
0"
#25576481032
1"
#25576482250
0"
#25576483468
1"
#25576484686
0"
#25576484686
0!
#25576485904
1"
#25576487122
0"
#25576487122
1!
#25576488340
1"
#25576489558
0"
#25576489558
0!
#25576490776
1"
#25576491994
0"
#25576493212
1"
#25576494430
0"
#25576494430
1!
#25576495648
1"
#25576496866
0"
#25576498084
1"
#25576499302
0"
#25576499302
0!
#25576500520
1"
#25576501738
0"
#25576502956
1"
#25576504174
0"
#25576504174
1!
#25576505392
1"
#25576506610
0"
#25576506610
0!
#25576507828
1"
#25576509046
0"
#25576509046
1!
#25576509046
0!
#25576510264
1"
#25576511482
0"
#25576512700
1"
#25576513918
0"
#25576515136
1"
#25576516354
0"
#25576517572
1"
#25576518790
0"
#25576520008
1"
#25576521226
0"
#25576522444
1"
#25576523662
0"
#25576524880
1"
#25576526098
0"
#25576527316
1"
#25576528534
0"
#25576529752
1"
#25576530970
0"
#25576530970
1!
#25576547295
0!
#25576548513
1"
#25576549731
1!
#25576833079
0!
#25576834297
0"
#25576834297
1!
#25576835515
1"
#25576836733
0"
#25576836733
0!
#25576837951
1"
#25576839169
0"
#25576840387
1"
#25576841605
0"
#25576842823
1"
#25576844041
0"
#25576845259
1"
#25576846477
0"
#25576847695
1"
#25576848913
0"
#25576848913
1!
#25576850131
1"
#25576851349
0"
#25576851349
0!
#25576852567
1"
#25576853785
0"
#25576855003
1"
#25576856221
0"
#25576856221
1!
#25576860720
0!
#25576861938
1"
#25576863156
0"
#25576864374
1"
#25576865592
0"
#25576866810
1"
#25576868028
0"
#25576869246
1"
#25576870464
0"
#25576870464
1!
#25576871682
1"
#25576872900
0"
#25576874118
1"
#25576875336
0"
#25576876554
1"
#25576877772
0"
#25576877772
0!
#25576878990
1"
#25576880208
0"
#25576881426
1"
#25576882644
0"
#25576882644
1!
#25576883862
1"
#25576885080
0"
#25576886298
1"
#25576887516
0"
#25576888734
1"
#25576889952
0"
#25576891170
1"
#25576892388
0"
#25576892388
0!
#25576893606
1"
#25576894824
0"
#25576894824
1!
#25576896042
1"
#25576897260
0"
#25576898478
1"
#25576899696
0"
#25576899696
0!
#25576900914
1"
#25576902132
0"
#25576903350
1"
#25576904568
0"
#25576904568
1!
#25576904568
0!
#25576905786
1"
#25576907004
0"
#25576908222
1"
#25576909440
0"
#25576910658
1"
#25576911876
0"
#25576913094
1"
#25576914312
0"
#25576914312
1!
#25576915530
1"
#25576916748
0"
#25576917966
1"
#25576919184
0"
#25576920402
1"
#25576921620
0"
#25576922838
1"
#25576924056
0"
#25576924056
0!
#25576925274
1"
#25576926492
0"
#25576926492
1!
#25576926492
0!
#25576927710
1"
#25576928928
0"
#25576930146
1"
#25576931364
0"
#25576931364
1!
#25576932582
1"
#25576933800
0"
#25576933800
0!
#25576935018
1"
#25576936236
0"
#25576936236
1!
#25576937454
1"
#25576938672
0"
#25576938672
0!
#25576939890
1"
#25576941108
0"
#25576942326
1"
#25576943544
0"
#25576943544
1!
#25576944762
1"
#25576945980
0"
#25576945980
0!
#25576947198
1"
#25576948416
0"
#25576948416
1!
#25576948416
0!
#25576949634
1"
#25576950852
0"
#25576952070
1"
#25576953288
0"
#25576954506
1"
#25576955724
0"
#25576956942
1"
#25576958160
0"
#25576959378
1"
#25576960596
0"
#25576961814
1"
#25576963032
0"
#25576964250
1"
#25576965468
0"
#25576965468
1!
#25576966686
1"
#25576967904
0"
#25576967904
0!
#25576969122
1"
#25576970340
0"
#25576970340
1!
#25576986665
0!
#25576987883
1"
#25576989101
1!
#25577259374
0!
#25577260592
0"
#25577260592
1!
#25577261810
1"
#25577263028
0"
#25577263028
0!
#25577264246
1"
#25577265464
0"
#25577266682
1"
#25577267900
0"
#25577269118
1"
#25577270336
0"
#25577271554
1"
#25577272772
0"
#25577273990
1"
#25577275208
0"
#25577275208
1!
#25577276426
1"
#25577277644
0"
#25577277644
0!
#25577278862
1"
#25577280080
0"
#25577281298
1"
#25577282516
0"
#25577282516
1!
#25577287020
0!
#25577288238
1"
#25577289456
0"
#25577290674
1"
#25577291892
0"
#25577293110
1"
#25577294328
0"
#25577294328
1!
#25577295546
1"
#25577296764
0"
#25577296764
0!
#25577297982
1"
#25577299200
0"
#25577300418
1"
#25577301636
0"
#25577301636
1!
#25577302854
1"
#25577304072
0"
#25577304072
0!
#25577305290
1"
#25577306508
0"
#25577307726
1"
#25577308944
0"
#25577308944
1!
#25577310162
1"
#25577311380
0"
#25577312598
1"
#25577313816
0"
#25577313816
0!
#25577315034
1"
#25577316252
0"
#25577316252
1!
#25577317470
1"
#25577318688
0"
#25577319906
1"
#25577321124
0"
#25577321124
0!
#25577322342
1"
#25577323560
0"
#25577324778
1"
#25577325996
0"
#25577325996
1!
#25577327214
1"
#25577328432
0"
#25577328432
0!
#25577329650
1"
#25577330868
0"
#25577330868
1!
#25577330868
0!
#25577332086
1"
#25577333304
0"
#25577334522
1"
#25577335740
0"
#25577336958
1"
#25577338176
0"
#25577339394
1"
#25577340612
0"
#25577341830
1"
#25577343048
0"
#25577344266
1"
#25577345484
0"
#25577346702
1"
#25577347920
0"
#25577349138
1"
#25577350356
0"
#25577351574
1"
#25577352792
0"
#25577352792
1!
#25577354010
1"
#25577355228
0"
#25577356446
1"
#25577357664
0"
#25577357664
0!
#25577358882
1"
#25577360100
0"
#25577360100
1!
#25577361318
1"
#25577362536
0"
#25577363754
1"
#25577364972
0"
#25577364972
0!
#25577366190
1"
#25577367408
0"
#25577368626
1"
#25577369844
0"
#25577369844
1!
#25577371062
1"
#25577372280
0"
#25577372280
0!
#25577373498
1"
#25577374716
0"
#25577374716
1!
#25577374716
0!
#25577375934
1"
#25577377152
0"
#25577378370
1"
#25577379588
0"
#25577380806
1"
#25577382024
0"
#25577383242
1"
#25577384460
0"
#25577385678
1"
#25577386896
0"
#25577388114
1"
#25577389332
0"
#25577389332
1!
#25577390550
1"
#25577391768
0"
#25577391768
0!
#25577392986
1"
#25577394204
0"
#25577395422
1"
#25577396640
0"
#25577396640
1!
#25577412965
0!
#25577414183
1"
#25577415401
1!
#25577698748
0!
#25577699966
0"
#25577699966
1!
#25577701184
1"
#25577702402
0"
#25577702402
0!
#25577703620
1"
#25577704838
0"
#25577706056
1"
#25577707274
0"
#25577708492
1"
#25577709710
0"
#25577710928
1"
#25577712146
0"
#25577713364
1"
#25577714582
0"
#25577715800
1"
#25577717018
0"
#25577718236
1"
#25577719454
0"
#25577720672
1"
#25577721890
0"
#25577721890
1!
#25577726390
0!
#25577727608
1"
#25577728826
0"
#25577730044
1"
#25577731262
0"
#25577731262
1!
#25577732480
1"
#25577733698
0"
#25577733698
0!
#25577734916
1"
#25577736134
0"
#25577737352
1"
#25577738570
0"
#25577738570
1!
#25577739788
1"
#25577741006
0"
#25577742224
1"
#25577743442
0"
#25577743442
0!
#25577744660
1"
#25577745878
0"
#25577747096
1"
#25577748314
0"
#25577748314
1!
#25577748314
0!
#25577749532
1"
#25577750750
0"
#25577751968
1"
#25577753186
0"
#25577754404
1"
#25577755622
0"
#25577755622
1!
#25577756840
1"
#25577758058
0"
#25577759276
1"
#25577760494
0"
#25577760494
0!
#25577761712
1"
#25577762930
0"
#25577764148
1"
#25577765366
0"
#25577766584
1"
#25577767802
0"
#25577769020
1"
#25577770238
0"
#25577770238
1!
#25577770238
0!
#25577771456
1"
#25577772674
0"
#25577773892
1"
#25577775110
0"
#25577776328
1"
#25577777546
0"
#25577778764
1"
#25577779982
0"
#25577781200
1"
#25577782418
0"
#25577782418
1!
#25577783636
1"
#25577784854
0"
#25577786072
1"
#25577787290
0"
#25577788508
1"
#25577789726
0"
#25577789726
0!
#25577790944
1"
#25577792162
0"
#25577792162
1!
#25577793380
1"
#25577794598
0"
#25577795816
1"
#25577797034
0"
#25577798252
1"
#25577799470
0"
#25577800688
1"
#25577801906
0"
#25577801906
0!
#25577803124
1"
#25577804342
0"
#25577804342
1!
#25577805560
1"
#25577806778
0"
#25577807996
1"
#25577809214
0"
#25577810432
1"
#25577811650
0"
#25577811650
0!
#25577812868
1"
#25577814086
0"
#25577814086
1!
#25577814086
0!
#25577815304
1"
#25577816522
0"
#25577817740
1"
#25577818958
0"
#25577820176
1"
#25577821394
0"
#25577822612
1"
#25577823830
0"
#25577825048
1"
#25577826266
0"
#25577826266
1!
#25577827484
1"
#25577828702
0"
#25577829920
1"
#25577831138
0"
#25577832356
1"
#25577833574
0"
#25577833574
0!
#25577834792
1"
#25577836010
0"
#25577836010
1!
#25577852335
0!
#25577853553
1"
#25577854771
1!
#25578130835
0!
#25578132053
0"
#25578132053
1!
#25578133271
1"
#25578134489
0"
#25578134489
0!
#25578135707
1"
#25578136925
0"
#25578138143
1"
#25578139361
0"
#25578140579
1"
#25578141797
0"
#25578143015
1"
#25578144233
0"
#25578145451
1"
#25578146669
0"
#25578147887
1"
#25578149105
0"
#25578150323
1"
#25578151541
0"
#25578152759
1"
#25578153977
0"
#25578153977
1!
#25578156593
0!
#25578157811
1"
#25578159029
0"
#25578160247
1"
#25578161465
0"
#25578161465
1!
#25578162683
1"
#25578163901
0"
#25578163901
0!
#25578165119
1"
#25578166337
0"
#25578166337
1!
#25578167555
1"
#25578168773
0"
#25578168773
0!
#25578169991
1"
#25578171209
0"
#25578171209
1!
#25578172427
1"
#25578173645
0"
#25578173645
0!
#25578174863
1"
#25578176081
0"
#25578177299
1"
#25578178517
0"
#25578178517
1!
#25578179735
1"
#25578180953
0"
#25578182171
1"
#25578183389
0"
#25578184607
1"
#25578185825
0"
#25578187043
1"
#25578188261
0"
#25578189479
1"
#25578190697
0"
#25578190697
0!
#25578191915
1"
#25578193133
0"
#25578193133
1!
#25578194351
1"
#25578195569
0"
#25578196787
1"
#25578198005
0"
#25578198005
0!
#25578199223
1"
#25578200441
0"
#25578200441
1!
#25578200441
0!
#25578201659
1"
#25578202877
0"
#25578204095
1"
#25578205313
0"
#25578206531
1"
#25578207749
0"
#25578208967
1"
#25578210185
0"
#25578211403
1"
#25578212621
0"
#25578212621
1!
#25578213839
1"
#25578215057
0"
#25578216275
1"
#25578217493
0"
#25578218711
1"
#25578219929
0"
#25578219929
0!
#25578221147
1"
#25578222365
0"
#25578222365
1!
#25578222365
0!
#25578223583
1"
#25578224801
0"
#25578226019
1"
#25578227237
0"
#25578227237
1!
#25578228455
1"
#25578229673
0"
#25578229673
0!
#25578230891
1"
#25578232109
0"
#25578232109
1!
#25578233327
1"
#25578234545
0"
#25578235763
1"
#25578236981
0"
#25578238199
1"
#25578239417
0"
#25578239417
0!
#25578240635
1"
#25578241853
0"
#25578243071
1"
#25578244289
0"
#25578244289
1!
#25578244289
0!
#25578245507
1"
#25578246725
0"
#25578247943
1"
#25578249161
0"
#25578250379
1"
#25578251597
0"
#25578252815
1"
#25578254033
0"
#25578254033
1!
#25578255251
1"
#25578256469
0"
#25578256469
0!
#25578257687
1"
#25578258905
0"
#25578260123
1"
#25578261341
0"
#25578261341
1!
#25578262559
1"
#25578263777
0"
#25578263777
0!
#25578264995
1"
#25578266213
0"
#25578266213
1!
#25578282538
0!
#25578283756
1"
#25578284974
1!
#25578568321
0!
#25578569539
0"
#25578569539
1!
#25578570757
1"
#25578571975
0"
#25578571975
0!
#25578573193
1"
#25578574411
0"
#25578575629
1"
#25578576847
0"
#25578578065
1"
#25578579283
0"
#25578580501
1"
#25578581719
0"
#25578582937
1"
#25578584155
0"
#25578585373
1"
#25578586591
0"
#25578587809
1"
#25578589027
0"
#25578590245
1"
#25578591463
0"
#25578591463
1!
#25578595963
0!
#25578597181
1"
#25578598399
0"
#25578599617
1"
#25578600835
0"
#25578600835
1!
#25578602053
1"
#25578603271
0"
#25578603271
0!
#25578604489
1"
#25578605707
0"
#25578605707
1!
#25578606925
1"
#25578608143
0"
#25578609361
1"
#25578610579
0"
#25578611797
1"
#25578613015
0"
#25578613015
0!
#25578614233
1"
#25578615451
0"
#25578616669
1"
#25578617887
0"
#25578617887
1!
#25578619105
1"
#25578620323
0"
#25578621541
1"
#25578622759
0"
#25578622759
0!
#25578623977
1"
#25578625195
0"
#25578625195
1!
#25578626413
1"
#25578627631
0"
#25578628849
1"
#25578630067
0"
#25578631285
1"
#25578632503
0"
#25578633721
1"
#25578634939
0"
#25578634939
0!
#25578636157
1"
#25578637375
0"
#25578638593
1"
#25578639811
0"
#25578639811
1!
#25578639811
0!
#25578641029
1"
#25578642247
0"
#25578643465
1"
#25578644683
0"
#25578645901
1"
#25578647119
0"
#25578648337
1"
#25578649555
0"
#25578649555
1!
#25578650773
1"
#25578651991
0"
#25578651991
0!
#25578653209
1"
#25578654427
0"
#25578655645
1"
#25578656863
0"
#25578658081
1"
#25578659299
0"
#25578660517
1"
#25578661735
0"
#25578661735
1!
#25578661735
0!
#25578662953
1"
#25578664171
0"
#25578664171
1!
#25578665389
1"
#25578666607
0"
#25578666607
0!
#25578667825
1"
#25578669043
0"
#25578670261
1"
#25578671479
0"
#25578672697
1"
#25578673915
0"
#25578673915
1!
#25578675133
1"
#25578676351
0"
#25578676351
0!
#25578677569
1"
#25578678787
0"
#25578680005
1"
#25578681223
0"
#25578682441
1"
#25578683659
0"
#25578683659
1!
#25578683659
0!
#25578684877
1"
#25578686095
0"
#25578687313
1"
#25578688531
0"
#25578689749
1"
#25578690967
0"
#25578692185
1"
#25578693403
0"
#25578693403
1!
#25578694621
1"
#25578695839
0"
#25578695839
0!
#25578697057
1"
#25578698275
0"
#25578699493
1"
#25578700711
0"
#25578700711
1!
#25578701929
1"
#25578703147
0"
#25578703147
0!
#25578704365
1"
#25578705583
0"
#25578705583
1!
#25578721908
0!
#25578723126
1"
#25578724344
1!
#25579007691
0!
#25579008909
0"
#25579008909
1!
#25579010127
1"
#25579011345
0"
#25579011345
0!
#25579012563
1"
#25579013781
0"
#25579014999
1"
#25579016217
0"
#25579017435
1"
#25579018653
0"
#25579019871
1"
#25579021089
0"
#25579022307
1"
#25579023525
0"
#25579024743
1"
#25579025961
0"
#25579027179
1"
#25579028397
0"
#25579029615
1"
#25579030833
0"
#25579030833
1!
#25579035333
0!
#25579036551
1"
#25579037769
0"
#25579038987
1"
#25579040205
0"
#25579041423
1"
#25579042641
0"
#25579042641
1!
#25579043859
1"
#25579045077
0"
#25579045077
0!
#25579046295
1"
#25579047513
0"
#25579047513
1!
#25579048731
1"
#25579049949
0"
#25579051167
1"
#25579052385
0"
#25579052385
0!
#25579053603
1"
#25579054821
0"
#25579056039
1"
#25579057257
0"
#25579057257
1!
#25579058475
1"
#25579059693
0"
#25579059693
0!
#25579060911
1"
#25579062129
0"
#25579063347
1"
#25579064565
0"
#25579065783
1"
#25579067001
0"
#25579067001
1!
#25579068219
1"
#25579069437
0"
#25579070655
1"
#25579071873
0"
#25579071873
0!
#25579073091
1"
#25579074309
0"
#25579075527
1"
#25579076745
0"
#25579077963
1"
#25579079181
0"
#25579079181
1!
#25579079181
0!
#25579080399
1"
#25579081617
0"
#25579082835
1"
#25579084053
0"
#25579085271
1"
#25579086489
0"
#25579087707
1"
#25579088925
0"
#25579090143
1"
#25579091361
0"
#25579092579
1"
#25579093797
0"
#25579093797
1!
#25579095015
1"
#25579096233
0"
#25579097451
1"
#25579098669
0"
#25579098669
0!
#25579099887
1"
#25579101105
0"
#25579101105
1!
#25579101105
0!
#25579102323
1"
#25579103541
0"
#25579103541
1!
#25579104759
1"
#25579105977
0"
#25579107195
1"
#25579108413
0"
#25579108413
0!
#25579109631
1"
#25579110849
0"
#25579110849
1!
#25579112067
1"
#25579113285
0"
#25579113285
0!
#25579114503
1"
#25579115721
0"
#25579115721
1!
#25579116939
1"
#25579118157
0"
#25579119375
1"
#25579120593
0"
#25579120593
0!
#25579121811
1"
#25579123029
0"
#25579123029
1!
#25579123029
0!
#25579124247
1"
#25579125465
0"
#25579126683
1"
#25579127901
0"
#25579129119
1"
#25579130337
0"
#25579131555
1"
#25579132773
0"
#25579133991
1"
#25579135209
0"
#25579135209
1!
#25579136427
1"
#25579137645
0"
#25579137645
0!
#25579138863
1"
#25579140081
0"
#25579141299
1"
#25579142517
0"
#25579143735
1"
#25579144953
0"
#25579144953
1!
#25579161905
0!
#25579163123
1"
#25579164341
1!
#25579447689
0!
#25579448907
0"
#25579448907
1!
#25579450125
1"
#25579451343
0"
#25579451343
0!
#25579452561
1"
#25579453779
0"
#25579454997
1"
#25579456215
0"
#25579457433
1"
#25579458651
0"
#25579459869
1"
#25579461087
0"
#25579462305
1"
#25579463523
0"
#25579464741
1"
#25579465959
0"
#25579467177
1"
#25579468395
0"
#25579469613
1"
#25579470831
0"
#25579470831
1!
#25579475331
0!
#25579476549
1"
#25579477767
0"
#25579478985
1"
#25579480203
0"
#25579481421
1"
#25579482639
0"
#25579482639
1!
#25579483857
1"
#25579485075
0"
#25579486293
1"
#25579487511
0"
#25579487511
0!
#25579488729
1"
#25579489947
0"
#25579489947
1!
#25579491165
1"
#25579492383
0"
#25579492383
0!
#25579493601
1"
#25579494819
0"
#25579496037
1"
#25579497255
0"
#25579497255
1!
#25579497255
0!
#25579498473
1"
#25579499691
0"
#25579499691
1!
#25579500909
1"
#25579502127
0"
#25579503345
1"
#25579504563
0"
#25579504563
0!
#25579505781
1"
#25579506999
0"
#25579506999
1!
#25579508217
1"
#25579509435
0"
#25579510653
1"
#25579511871
0"
#25579513089
1"
#25579514307
0"
#25579515525
1"
#25579516743
0"
#25579516743
0!
#25579517961
1"
#25579519179
0"
#25579519179
1!
#25579519179
0!
#25579520397
1"
#25579521615
0"
#25579522833
1"
#25579524051
0"
#25579525269
1"
#25579526487
0"
#25579527705
1"
#25579528923
0"
#25579530141
1"
#25579531359
0"
#25579531359
1!
#25579532577
1"
#25579533795
0"
#25579533795
0!
#25579535013
1"
#25579536231
0"
#25579537449
1"
#25579538667
0"
#25579539885
1"
#25579541103
0"
#25579541103
1!
#25579542321
1"
#25579543539
0"
#25579543539
0!
#25579544757
1"
#25579545975
0"
#25579545975
1!
#25579547193
1"
#25579548411
0"
#25579548411
0!
#25579549629
1"
#25579550847
0"
#25579552065
1"
#25579553283
0"
#25579554501
1"
#25579555719
0"
#25579555719
1!
#25579556937
1"
#25579558155
0"
#25579558155
0!
#25579559373
1"
#25579560591
0"
#25579561809
1"
#25579563027
0"
#25579563027
1!
#25579563027
0!
#25579564245
1"
#25579565463
0"
#25579566681
1"
#25579567899
0"
#25579569117
1"
#25579570335
0"
#25579571553
1"
#25579572771
0"
#25579573989
1"
#25579575207
0"
#25579575207
1!
#25579576425
1"
#25579577643
0"
#25579577643
0!
#25579578861
1"
#25579580079
0"
#25579580079
1!
#25579581297
1"
#25579582515
0"
#25579582515
0!
#25579583733
1"
#25579584951
0"
#25579584951
1!
#25579601276
0!
#25579602494
1"
#25579603712
1!
#25579887059
0!
#25579888277
0"
#25579888277
1!
#25579889495
1"
#25579890713
0"
#25579890713
0!
#25579891931
1"
#25579893149
0"
#25579894367
1"
#25579895585
0"
#25579896803
1"
#25579898021
0"
#25579899239
1"
#25579900457
0"
#25579901675
1"
#25579902893
0"
#25579904111
1"
#25579905329
0"
#25579906547
1"
#25579907765
0"
#25579908983
1"
#25579910201
0"
#25579910201
1!
#25579914701
0!
#25579915919
1"
#25579917137
0"
#25579918355
1"
#25579919573
0"
#25579920791
1"
#25579922009
0"
#25579922009
1!
#25579923227
1"
#25579924445
0"
#25579925663
1"
#25579926881
0"
#25579928099
1"
#25579929317
0"
#25579930535
1"
#25579931753
0"
#25579931753
0!
#25579932971
1"
#25579934189
0"
#25579935407
1"
#25579936625
0"
#25579936625
1!
#25579936625
0!
#25579937843
1"
#25579939061
0"
#25579939061
1!
#25579940279
1"
#25579941497
0"
#25579941497
0!
#25579942715
1"
#25579943933
0"
#25579943933
1!
#25579945151
1"
#25579946369
0"
#25579946369
0!
#25579947587
1"
#25579948805
0"
#25579950023
1"
#25579951241
0"
#25579951241
1!
#25579952459
1"
#25579953677
0"
#25579953677
0!
#25579954895
1"
#25579956113
0"
#25579957331
1"
#25579958549
0"
#25579958549
1!
#25579958549
0!
#25579959767
1"
#25579960985
0"
#25579962203
1"
#25579963421
0"
#25579964639
1"
#25579965857
0"
#25579967075
1"
#25579968293
0"
#25579969511
1"
#25579970729
0"
#25579970729
1!
#25579971947
1"
#25579973165
0"
#25579973165
0!
#25579974383
1"
#25579975601
0"
#25579975601
1!
#25579976819
1"
#25579978037
0"
#25579978037
0!
#25579979255
1"
#25579980473
0"
#25579980473
1!
#25579981691
1"
#25579982909
0"
#25579982909
0!
#25579984127
1"
#25579985345
0"
#25579985345
1!
#25579986563
1"
#25579987781
0"
#25579988999
1"
#25579990217
0"
#25579991435
1"
#25579992653
0"
#25579992653
0!
#25579993871
1"
#25579995089
0"
#25579996307
1"
#25579997525
0"
#25579998743
1"
#25579999961
0"
#25580001179
1"
#25580002397
0"
#25580002397
1!
#25580002397
0!
#25580003615
1"
#25580004833
0"
#25580006051
1"
#25580007269
0"
#25580008487
1"
#25580009705
0"
#25580010923
1"
#25580012141
0"
#25580013359
1"
#25580014577
0"
#25580014577
1!
#25580015795
1"
#25580017013
0"
#25580017013
0!
#25580018231
1"
#25580019449
0"
#25580019449
1!
#25580020667
1"
#25580021885
0"
#25580021885
0!
#25580023103
1"
#25580024321
0"
#25580024321
1!
#25580040646
0!
#25580041864
1"
#25580043082
1!
#25580289691
0!
#25580290909
0"
#25580290909
1!
#25580292127
1"
#25580293345
0"
#25580293345
0!
#25580294563
1"
#25580295781
0"
#25580296999
1"
#25580298217
0"
#25580299435
1"
#25580300653
0"
#25580301871
1"
#25580303089
0"
#25580304307
1"
#25580305525
0"
#25580306743
1"
#25580307961
0"
#25580309179
1"
#25580310397
0"
#25580311615
1"
#25580312833
0"
#25580312833
1!
#25580318600
0!
#25580319818
1"
#25580321036
0"
#25580322254
1"
#25580323472
0"
#25580324690
1"
#25580325908
0"
#25580327126
1"
#25580328344
0"
#25580329562
1"
#25580330780
0"
#25580330780
1!
#25580331998
1"
#25580333216
0"
#25580334434
1"
#25580335652
0"
#25580335652
0!
#25580336870
1"
#25580338088
0"
#25580339306
1"
#25580340524
0"
#25580340524
1!
#25580340524
0!
#25580341742
1"
#25580342960
0"
#25580344178
1"
#25580345396
0"
#25580346614
1"
#25580347832
0"
#25580349050
1"
#25580350268
0"
#25580351486
1"
#25580352704
0"
#25580353922
1"
#25580355140
0"
#25580356358
1"
#25580357576
0"
#25580358794
1"
#25580360012
0"
#25580361230
1"
#25580362448
0"
#25580362448
1!
#25580362448
0!
#25580363666
1"
#25580364884
0"
#25580366102
1"
#25580367320
0"
#25580368538
1"
#25580369756
0"
#25580370974
1"
#25580372192
0"
#25580373410
1"
#25580374628
0"
#25580375846
1"
#25580377064
0"
#25580378282
1"
#25580379500
0"
#25580380718
1"
#25580381936
0"
#25580383154
1"
#25580384372
0"
#25580384372
1!
#25580385590
1"
#25580386808
0"
#25580388026
1"
#25580389244
0"
#25580389244
0!
#25580390462
1"
#25580391680
0"
#25580391680
1!
#25580392898
1"
#25580394116
0"
#25580395334
1"
#25580396552
0"
#25580397770
1"
#25580398988
0"
#25580400206
1"
#25580401424
0"
#25580402642
1"
#25580403860
0"
#25580403860
0!
#25580405078
1"
#25580406296
0"
#25580406296
1!
#25580406296
0!
#25580407514
1"
#25580408732
0"
#25580409950
1"
#25580411168
0"
#25580412386
1"
#25580413604
0"
#25580414822
1"
#25580416040
0"
#25580417258
1"
#25580418476
0"
#25580419694
1"
#25580420912
0"
#25580422130
1"
#25580423348
0"
#25580424566
1"
#25580425784
0"
#25580427002
1"
#25580428220
0"
#25580428220
1!
#25580444554
0!
#25580445772
1"
#25580446990
1!
#25580652596
0!
#25580653814
0"
#25580653814
1!
#25580655032
1"
#25580656250
0"
#25580656250
0!
#25580657468
1"
#25580658686
0"
#25580659904
1"
#25580661122
0"
#25580662340
1"
#25580663558
0"
#25580664776
1"
#25580665994
0"
#25580667212
1"
#25580668430
0"
#25580669648
1"
#25580670866
0"
#25580672084
1"
#25580673302
0"
#25580674520
1"
#25580675738
0"
#25580675738
1!
#25580680241
0!
#25580681459
1"
#25580682677
0"
#25580683895
1"
#25580685113
0"
#25580686331
1"
#25580687549
0"
#25580688767
1"
#25580689985
0"
#25580689985
1!
#25580691203
1"
#25580692421
0"
#25580692421
0!
#25580693639
1"
#25580694857
0"
#25580694857
1!
#25580696075
1"
#25580697293
0"
#25580697293
0!
#25580698511
1"
#25580699729
0"
#25580700947
1"
#25580702165
0"
#25580702165
1!
#25580703383
1"
#25580704601
0"
#25580705819
1"
#25580707037
0"
#25580708255
1"
#25580709473
0"
#25580709473
0!
#25580710691
1"
#25580711909
0"
#25580713127
1"
#25580714345
0"
#25580715563
1"
#25580716781
0"
#25580716781
1!
#25580717999
1"
#25580719217
0"
#25580720435
1"
#25580721653
0"
#25580721653
0!
#25580722871
1"
#25580724089
0"
#25580724089
1!
#25580724089
0!
#25580725307
1"
#25580726525
0"
#25580727743
1"
#25580728961
0"
#25580730179
1"
#25580731397
0"
#25580732615
1"
#25580733833
0"
#25580735051
1"
#25580736269
0"
#25580737487
1"
#25580738705
0"
#25580739923
1"
#25580741141
0"
#25580742359
1"
#25580743577
0"
#25580744795
1"
#25580746013
0"
#25580746013
1!
#25580746013
0!
#25580747231
1"
#25580748449
0"
#25580749667
1"
#25580750885
0"
#25580752103
1"
#25580753321
0"
#25580753321
1!
#25580754539
1"
#25580755757
0"
#25580755757
0!
#25580756975
1"
#25580758193
0"
#25580758193
1!
#25580759411
1"
#25580760629
0"
#25580761847
1"
#25580763065
0"
#25580763065
0!
#25580764283
1"
#25580765501
0"
#25580766719
1"
#25580767937
0"
#25580767937
1!
#25580767937
0!
#25580769155
1"
#25580770373
0"
#25580771591
1"
#25580772809
0"
#25580774027
1"
#25580775245
0"
#25580776463
1"
#25580777681
0"
#25580778899
1"
#25580780117
0"
#25580781335
1"
#25580782553
0"
#25580782553
1!
#25580783771
1"
#25580784989
0"
#25580784989
0!
#25580786207
1"
#25580787425
0"
#25580788643
1"
#25580789861
0"
#25580789861
1!
#25580806186
0!
#25580807404
1"
#25580808622
1!
#25581111828
0!
#25581113046
0"
#25581113046
1!
#25581114264
1"
#25581115482
0"
#25581115482
0!
#25581116700
1"
#25581117918
0"
#25581119136
1"
#25581120354
0"
#25581121572
1"
#25581122790
0"
#25581124008
1"
#25581125226
0"
#25581126444
1"
#25581127662
0"
#25581128880
1"
#25581130098
0"
#25581131316
1"
#25581132534
0"
#25581133752
1"
#25581134970
0"
#25581134970
1!
#25581136707
0!
#25581137925
1"
#25581139143
0"
#25581140361
1"
#25581141579
0"
#25581142797
1"
#25581144015
0"
#25581145233
1"
#25581146451
0"
#25581146451
1!
#25581147669
1"
#25581148887
0"
#25581150105
1"
#25581151323
0"
#25581152541
1"
#25581153759
0"
#25581153759
0!
#25581154977
1"
#25581156195
0"
#25581157413
1"
#25581158631
0"
#25581158631
1!
#25581159849
1"
#25581161067
0"
#25581162285
1"
#25581163503
0"
#25581163503
0!
#25581164721
1"
#25581165939
0"
#25581167157
1"
#25581168375
0"
#25581169593
1"
#25581170811
0"
#25581170811
1!
#25581172029
1"
#25581173247
0"
#25581174465
1"
#25581175683
0"
#25581175683
0!
#25581176901
1"
#25581178119
0"
#25581179337
1"
#25581180555
0"
#25581180555
1!
#25581180555
0!
#25581181773
1"
#25581182991
0"
#25581184209
1"
#25581185427
0"
#25581186645
1"
#25581187863
0"
#25581189081
1"
#25581190299
0"
#25581191517
1"
#25581192735
0"
#25581193953
1"
#25581195171
0"
#25581196389
1"
#25581197607
0"
#25581197607
1!
#25581198825
1"
#25581200043
0"
#25581200043
0!
#25581201261
1"
#25581202479
0"
#25581202479
1!
#25581202479
0!
#25581203697
1"
#25581204915
0"
#25581206133
1"
#25581207351
0"
#25581207351
1!
#25581208569
1"
#25581209787
0"
#25581209787
0!
#25581211005
1"
#25581212223
0"
#25581212223
1!
#25581213441
1"
#25581214659
0"
#25581215877
1"
#25581217095
0"
#25581217095
0!
#25581218313
1"
#25581219531
0"
#25581220749
1"
#25581221967
0"
#25581223185
1"
#25581224403
0"
#25581224403
1!
#25581224403
0!
#25581225621
1"
#25581226839
0"
#25581228057
1"
#25581229275
0"
#25581230493
1"
#25581231711
0"
#25581232929
1"
#25581234147
0"
#25581235365
1"
#25581236583
0"
#25581237801
1"
#25581239019
0"
#25581239019
1!
#25581240237
1"
#25581241455
0"
#25581241455
0!
#25581242673
1"
#25581243891
0"
#25581245109
1"
#25581246327
0"
#25581246327
1!
#25581262652
0!
#25581263870
1"
#25581265088
1!
#27083583005
0!
#27083584223
0"
#27083584223
1!
#27083585441
1"
#27083586659
0"
#27083586659
0!
#27083587877
1"
#27083589095
0"
#27083590313
1"
#27083591531
0"
#27083592749
1"
#27083593967
0"
#27083595185
1"
#27083596403
0"
#27083597621
1"
#27083598839
0"
#27083598839
1!
#27083600057
1"
#27083601275
0"
#27083601275
0!
#27083602493
1"
#27083603711
0"
#27083604929
1"
#27083606147
0"
#27083606147
1!
#27083610651
0!
#27083611869
1"
#27083613087
0"
#27083614305
1"
#27083615523
0"
#27083615523
1!
#27083616741
1"
#27083617959
0"
#27083617959
0!
#27083619177
1"
#27083620395
0"
#27083620395
1!
#27083621613
1"
#27083622831
0"
#27083622831
0!
#27083624049
1"
#27083625267
0"
#27083625267
1!
#27083626485
1"
#27083627703
0"
#27083627703
0!
#27083628921
1"
#27083630139
0"
#27083631357
1"
#27083632575
0"
#27083632575
1!
#27083632575
0!
#27083633793
1"
#27083635011
0"
#27083636229
1"
#27083637447
0"
#27083637447
1!
#27083638665
1"
#27083639883
0"
#27083639883
0!
#27083641101
1"
#27083642319
0"
#27083642319
1!
#27083643537
1"
#27083644755
0"
#27083644755
0!
#27083645973
1"
#27083647191
0"
#27083647191
1!
#27083648409
1"
#27083649627
0"
#27083650845
1"
#27083652063
0"
#27083652063
0!
#27083653281
1"
#27083654499
0"
#27083654499
1!
#27083654499
0!
#27083655717
1"
#27083656935
0"
#27083658153
1"
#27083659371
0"
#27083660589
1"
#27083661807
0"
#27083663025
1"
#27083664243
0"
#27083665461
1"
#27083666679
0"
#27083666679
1!
#27083667897
1"
#27083669115
0"
#27083670333
1"
#27083671551
0"
#27083671551
0!
#27083672769
1"
#27083673987
0"
#27083675205
1"
#27083676423
0"
#27083676423
1!
#27083676423
0!
#27083677641
1"
#27083678859
0"
#27083678859
1!
#27083680077
1"
#27083681295
0"
#27083681295
0!
#27083682513
1"
#27083683731
0"
#27083683731
1!
#27083684949
1"
#27083686167
0"
#27083687385
1"
#27083688603
0"
#27083689821
1"
#27083691039
0"
#27083692257
1"
#27083693475
0"
#27083693475
0!
#27083694693
1"
#27083695911
0"
#27083697129
1"
#27083698347
0"
#27083698347
1!
#27083698347
0!
#27083699565
1"
#27083700783
0"
#27083702001
1"
#27083703219
0"
#27083704437
1"
#27083705655
0"
#27083706873
1"
#27083708091
0"
#27083709309
1"
#27083710527
0"
#27083710527
1!
#27083711745
1"
#27083712963
0"
#27083714181
1"
#27083715399
0"
#27083716617
1"
#27083717835
0"
#27083717835
0!
#27083719053
1"
#27083720271
0"
#27083720271
1!
#27083736596
0!
#27083737814
1"
#27083739032
1!
#27084022380
0!
#27084023598
0"
#27084023598
1!
#27084024816
1"
#27084026034
0"
#27084026034
0!
#27084027252
1"
#27084028470
0"
#27084029688
1"
#27084030906
0"
#27084032124
1"
#27084033342
0"
#27084034560
1"
#27084035778
0"
#27084036996
1"
#27084038214
0"
#27084038214
1!
#27084039432
1"
#27084040650
0"
#27084040650
0!
#27084041868
1"
#27084043086
0"
#27084044304
1"
#27084045522
0"
#27084045522
1!
#27084050021
0!
#27084051239
1"
#27084052457
0"
#27084053675
1"
#27084054893
0"
#27084054893
1!
#27084056111
1"
#27084057329
0"
#27084057329
0!
#27084058547
1"
#27084059765
0"
#27084059765
1!
#27084060983
1"
#27084062201
0"
#27084063419
1"
#27084064637
0"
#27084065855
1"
#27084067073
0"
#27084067073
0!
#27084068291
1"
#27084069509
0"
#27084070727
1"
#27084071945
0"
#27084071945
1!
#27084071945
0!
#27084073163
1"
#27084074381
0"
#27084075599
1"
#27084076817
0"
#27084078035
1"
#27084079253
0"
#27084080471
1"
#27084081689
0"
#27084081689
1!
#27084082907
1"
#27084084125
0"
#27084085343
1"
#27084086561
0"
#27084087779
1"
#27084088997
0"
#27084088997
0!
#27084090215
1"
#27084091433
0"
#27084092651
1"
#27084093869
0"
#27084093869
1!
#27084093869
0!
#27084095087
1"
#27084096305
0"
#27084097523
1"
#27084098741
0"
#27084099959
1"
#27084101177
0"
#27084102395
1"
#27084103613
0"
#27084104831
1"
#27084106049
0"
#27084106049
1!
#27084107267
1"
#27084108485
0"
#27084109703
1"
#27084110921
0"
#27084112139
1"
#27084113357
0"
#27084113357
0!
#27084114575
1"
#27084115793
0"
#27084115793
1!
#27084115793
0!
#27084117011
1"
#27084118229
0"
#27084118229
1!
#27084119447
1"
#27084120665
0"
#27084120665
0!
#27084121883
1"
#27084123101
0"
#27084124319
1"
#27084125537
0"
#27084126755
1"
#27084127973
0"
#27084129191
1"
#27084130409
0"
#27084131627
1"
#27084132845
0"
#27084132845
1!
#27084134063
1"
#27084135281
0"
#27084135281
0!
#27084136499
1"
#27084137717
0"
#27084137717
1!
#27084137717
0!
#27084138935
1"
#27084140153
0"
#27084141371
1"
#27084142589
0"
#27084143807
1"
#27084145025
0"
#27084146243
1"
#27084147461
0"
#27084147461
1!
#27084148679
1"
#27084149897
0"
#27084149897
0!
#27084151115
1"
#27084152333
0"
#27084153551
1"
#27084154769
0"
#27084155987
1"
#27084157205
0"
#27084158423
1"
#27084159641
0"
#27084159641
1!
#27084175966
0!
#27084177184
1"
#27084178402
1!
#27084461750
0!
#27084462968
0"
#27084462968
1!
#27084464186
1"
#27084465404
0"
#27084465404
0!
#27084466622
1"
#27084467840
0"
#27084469058
1"
#27084470276
0"
#27084471494
1"
#27084472712
0"
#27084473930
1"
#27084475148
0"
#27084476366
1"
#27084477584
0"
#27084477584
1!
#27084478802
1"
#27084480020
0"
#27084480020
0!
#27084481238
1"
#27084482456
0"
#27084483674
1"
#27084484892
0"
#27084484892
1!
#27084489391
0!
#27084490609
1"
#27084491827
0"
#27084493045
1"
#27084494263
0"
#27084494263
1!
#27084495481
1"
#27084496699
0"
#27084497917
1"
#27084499135
0"
#27084499135
0!
#27084500353
1"
#27084501571
0"
#27084502789
1"
#27084504007
0"
#27084504007
1!
#27084505225
1"
#27084506443
0"
#27084506443
0!
#27084507661
1"
#27084508879
0"
#27084510097
1"
#27084511315
0"
#27084511315
1!
#27084512533
1"
#27084513751
0"
#27084514969
1"
#27084516187
0"
#27084517405
1"
#27084518623
0"
#27084519841
1"
#27084521059
0"
#27084521059
0!
#27084522277
1"
#27084523495
0"
#27084524713
1"
#27084525931
0"
#27084527149
1"
#27084528367
0"
#27084528367
1!
#27084529585
1"
#27084530803
0"
#27084530803
0!
#27084532021
1"
#27084533239
0"
#27084533239
1!
#27084533239
0!
#27084534457
1"
#27084535675
0"
#27084536893
1"
#27084538111
0"
#27084539329
1"
#27084540547
0"
#27084541765
1"
#27084542983
0"
#27084544201
1"
#27084545419
0"
#27084545419
1!
#27084546637
1"
#27084547855
0"
#27084549073
1"
#27084550291
0"
#27084551509
1"
#27084552727
0"
#27084552727
0!
#27084553945
1"
#27084555163
0"
#27084555163
1!
#27084556381
1"
#27084557599
0"
#27084558817
1"
#27084560035
0"
#27084561253
1"
#27084562471
0"
#27084563689
1"
#27084564907
0"
#27084564907
0!
#27084566125
1"
#27084567343
0"
#27084568561
1"
#27084569779
0"
#27084570997
1"
#27084572215
0"
#27084572215
1!
#27084573433
1"
#27084574651
0"
#27084574651
0!
#27084575869
1"
#27084577087
0"
#27084577087
1!
#27084577087
0!
#27084578305
1"
#27084579523
0"
#27084580741
1"
#27084581959
0"
#27084583177
1"
#27084584395
0"
#27084585613
1"
#27084586831
0"
#27084586831
1!
#27084588049
1"
#27084589267
0"
#27084589267
0!
#27084590485
1"
#27084591703
0"
#27084592921
1"
#27084594139
0"
#27084594139
1!
#27084595357
1"
#27084596575
0"
#27084596575
0!
#27084597793
1"
#27084599011
0"
#27084599011
1!
#27084615336
0!
#27084616554
1"
#27084617772
1!
#27084901120
0!
#27084902338
0"
#27084902338
1!
#27084903556
1"
#27084904774
0"
#27084904774
0!
#27084905992
1"
#27084907210
0"
#27084908428
1"
#27084909646
0"
#27084910864
1"
#27084912082
0"
#27084913300
1"
#27084914518
0"
#27084915736
1"
#27084916954
0"
#27084916954
1!
#27084918172
1"
#27084919390
0"
#27084919390
0!
#27084920608
1"
#27084921826
0"
#27084923044
1"
#27084924262
0"
#27084924262
1!
#27084928761
0!
#27084929979
1"
#27084931197
0"
#27084932415
1"
#27084933633
0"
#27084934851
1"
#27084936069
0"
#27084936069
1!
#27084937287
1"
#27084938505
0"
#27084939723
1"
#27084940941
0"
#27084940941
0!
#27084942159
1"
#27084943377
0"
#27084943377
1!
#27084944595
1"
#27084945813
0"
#27084945813
0!
#27084947031
1"
#27084948249
0"
#27084949467
1"
#27084950685
0"
#27084950685
1!
#27084951903
1"
#27084953121
0"
#27084953121
0!
#27084954339
1"
#27084955557
0"
#27084956775
1"
#27084957993
0"
#27084957993
1!
#27084959211
1"
#27084960429
0"
#27084961647
1"
#27084962865
0"
#27084964083
1"
#27084965301
0"
#27084966519
1"
#27084967737
0"
#27084968955
1"
#27084970173
0"
#27084970173
0!
#27084971391
1"
#27084972609
0"
#27084972609
1!
#27084972609
0!
#27084973827
1"
#27084975045
0"
#27084976263
1"
#27084977481
0"
#27084978699
1"
#27084979917
0"
#27084981135
1"
#27084982353
0"
#27084983571
1"
#27084984789
0"
#27084986007
1"
#27084987225
0"
#27084987225
1!
#27084988443
1"
#27084989661
0"
#27084989661
0!
#27084990879
1"
#27084992097
0"
#27084993315
1"
#27084994533
0"
#27084994533
1!
#27084995751
1"
#27084996969
0"
#27084998187
1"
#27084999405
0"
#27084999405
0!
#27085000623
1"
#27085001841
0"
#27085001841
1!
#27085003059
1"
#27085004277
0"
#27085004277
0!
#27085005495
1"
#27085006713
0"
#27085007931
1"
#27085009149
0"
#27085009149
1!
#27085010367
1"
#27085011585
0"
#27085011585
0!
#27085012803
1"
#27085014021
0"
#27085015239
1"
#27085016457
0"
#27085016457
1!
#27085016457
0!
#27085017675
1"
#27085018893
0"
#27085020111
1"
#27085021329
0"
#27085022547
1"
#27085023765
0"
#27085024983
1"
#27085026201
0"
#27085027419
1"
#27085028637
0"
#27085029855
1"
#27085031073
0"
#27085031073
1!
#27085032291
1"
#27085033509
0"
#27085034727
1"
#27085035945
0"
#27085035945
0!
#27085037163
1"
#27085038381
0"
#27085038381
1!
#27085054706
0!
#27085055924
1"
#27085057142
1!
#27085289802
0!
#27085291020
0"
#27085291020
1!
#27085292238
1"
#27085293456
0"
#27085293456
0!
#27085294674
1"
#27085295892
0"
#27085297110
1"
#27085298328
0"
#27085299546
1"
#27085300764
0"
#27085301982
1"
#27085303200
0"
#27085304418
1"
#27085305636
0"
#27085305636
1!
#27085306854
1"
#27085308072
0"
#27085308072
0!
#27085309290
1"
#27085310508
0"
#27085311726
1"
#27085312944
0"
#27085312944
1!
#27085317448
0!
#27085318666
1"
#27085319884
0"
#27085321102
1"
#27085322320
0"
#27085323538
1"
#27085324756
0"
#27085324756
1!
#27085325974
1"
#27085327192
0"
#27085328410
1"
#27085329628
0"
#27085330846
1"
#27085332064
0"
#27085333282
1"
#27085334500
0"
#27085334500
0!
#27085335718
1"
#27085336936
0"
#27085338154
1"
#27085339372
0"
#27085339372
1!
#27085340590
1"
#27085341808
0"
#27085341808
0!
#27085343026
1"
#27085344244
0"
#27085345462
1"
#27085346680
0"
#27085347898
1"
#27085349116
0"
#27085350334
1"
#27085351552
0"
#27085352770
1"
#27085353988
0"
#27085353988
1!
#27085355206
1"
#27085356424
0"
#27085356424
0!
#27085357642
1"
#27085358860
0"
#27085360078
1"
#27085361296
0"
#27085361296
1!
#27085361296
0!
#27085362514
1"
#27085363732
0"
#27085364950
1"
#27085366168
0"
#27085367386
1"
#27085368604
0"
#27085369822
1"
#27085371040
0"
#27085372258
1"
#27085373476
0"
#27085374694
1"
#27085375912
0"
#27085375912
1!
#27085377130
1"
#27085378348
0"
#27085379566
1"
#27085380784
0"
#27085380784
0!
#27085382002
1"
#27085383220
0"
#27085383220
1!
#27085384438
1"
#27085385656
0"
#27085385656
0!
#27085386874
1"
#27085388092
0"
#27085388092
1!
#27085389310
1"
#27085390528
0"
#27085391746
1"
#27085392964
0"
#27085392964
0!
#27085394182
1"
#27085395400
0"
#27085395400
1!
#27085396618
1"
#27085397836
0"
#27085397836
0!
#27085399054
1"
#27085400272
0"
#27085400272
1!
#27085401490
1"
#27085402708
0"
#27085402708
0!
#27085403926
1"
#27085405144
0"
#27085405144
1!
#27085405144
0!
#27085406362
1"
#27085407580
0"
#27085408798
1"
#27085410016
0"
#27085411234
1"
#27085412452
0"
#27085413670
1"
#27085414888
0"
#27085416106
1"
#27085417324
0"
#27085417324
1!
#27085418542
1"
#27085419760
0"
#27085419760
0!
#27085420978
1"
#27085422196
0"
#27085423414
1"
#27085424632
0"
#27085425850
1"
#27085427068
0"
#27085427068
1!
#27085443393
0!
#27085444611
1"
#27085445829
1!
#27085729176
0!
#27085730394
0"
#27085730394
1!
#27085731612
1"
#27085732830
0"
#27085732830
0!
#27085734048
1"
#27085735266
0"
#27085736484
1"
#27085737702
0"
#27085738920
1"
#27085740138
0"
#27085741356
1"
#27085742574
0"
#27085743792
1"
#27085745010
0"
#27085745010
1!
#27085746228
1"
#27085747446
0"
#27085747446
0!
#27085748664
1"
#27085749882
0"
#27085751100
1"
#27085752318
0"
#27085752318
1!
#27085756818
0!
#27085758036
1"
#27085759254
0"
#27085760472
1"
#27085761690
0"
#27085761690
1!
#27085762908
1"
#27085764126
0"
#27085764126
0!
#27085765344
1"
#27085766562
0"
#27085767780
1"
#27085768998
0"
#27085770216
1"
#27085771434
0"
#27085771434
1!
#27085772652
1"
#27085773870
0"
#27085773870
0!
#27085775088
1"
#27085776306
0"
#27085777524
1"
#27085778742
0"
#27085778742
1!
#27085778742
0!
#27085779960
1"
#27085781178
0"
#27085781178
1!
#27085782396
1"
#27085783614
0"
#27085784832
1"
#27085786050
0"
#27085786050
0!
#27085787268
1"
#27085788486
0"
#27085789704
1"
#27085790922
0"
#27085790922
1!
#27085792140
1"
#27085793358
0"
#27085793358
0!
#27085794576
1"
#27085795794
0"
#27085795794
1!
#27085797012
1"
#27085798230
0"
#27085798230
0!
#27085799448
1"
#27085800666
0"
#27085800666
1!
#27085800666
0!
#27085801884
1"
#27085803102
0"
#27085804320
1"
#27085805538
0"
#27085806756
1"
#27085807974
0"
#27085809192
1"
#27085810410
0"
#27085811628
1"
#27085812846
0"
#27085812846
1!
#27085814064
1"
#27085815282
0"
#27085815282
0!
#27085816500
1"
#27085817718
0"
#27085818936
1"
#27085820154
0"
#27085821372
1"
#27085822590
0"
#27085822590
1!
#27085822590
0!
#27085823808
1"
#27085825026
0"
#27085825026
1!
#27085826244
1"
#27085827462
0"
#27085828680
1"
#27085829898
0"
#27085829898
0!
#27085831116
1"
#27085832334
0"
#27085833552
1"
#27085834770
0"
#27085834770
1!
#27085835988
1"
#27085837206
0"
#27085837206
0!
#27085838424
1"
#27085839642
0"
#27085839642
1!
#27085840860
1"
#27085842078
0"
#27085842078
0!
#27085843296
1"
#27085844514
0"
#27085844514
1!
#27085844514
0!
#27085845732
1"
#27085846950
0"
#27085848168
1"
#27085849386
0"
#27085850604
1"
#27085851822
0"
#27085853040
1"
#27085854258
0"
#27085855476
1"
#27085856694
0"
#27085856694
1!
#27085857912
1"
#27085859130
0"
#27085860348
1"
#27085861566
0"
#27085861566
0!
#27085862784
1"
#27085864002
0"
#27085865220
1"
#27085866438
0"
#27085866438
1!
#27085882763
0!
#27085883981
1"
#27085885199
1!
#27086163709
0!
#27086164927
0"
#27086164927
1!
#27086166145
1"
#27086167363
0"
#27086167363
0!
#27086168581
1"
#27086169799
0"
#27086171017
1"
#27086172235
0"
#27086173453
1"
#27086174671
0"
#27086175889
1"
#27086177107
0"
#27086178325
1"
#27086179543
0"
#27086179543
1!
#27086180761
1"
#27086181979
0"
#27086181979
0!
#27086183197
1"
#27086184415
0"
#27086185633
1"
#27086186851
0"
#27086186851
1!
#27086191671
0!
#27086192889
1"
#27086194107
0"
#27086195325
1"
#27086196543
0"
#27086197761
1"
#27086198979
0"
#27086200197
1"
#27086201415
0"
#27086201415
1!
#27086202633
1"
#27086203851
0"
#27086203851
0!
#27086205069
1"
#27086206287
0"
#27086206287
1!
#27086207505
1"
#27086208723
0"
#27086208723
0!
#27086209941
1"
#27086211159
0"
#27086212377
1"
#27086213595
0"
#27086213595
1!
#27086213595
0!
#27086214813
1"
#27086216031
0"
#27086217249
1"
#27086218467
0"
#27086219685
1"
#27086220903
0"
#27086220903
1!
#27086222121
1"
#27086223339
0"
#27086223339
0!
#27086224557
1"
#27086225775
0"
#27086226993
1"
#27086228211
0"
#27086228211
1!
#27086229429
1"
#27086230647
0"
#27086231865
1"
#27086233083
0"
#27086233083
0!
#27086234301
1"
#27086235519
0"
#27086235519
1!
#27086235519
0!
#27086236737
1"
#27086237955
0"
#27086239173
1"
#27086240391
0"
#27086241609
1"
#27086242827
0"
#27086244045
1"
#27086245263
0"
#27086245263
1!
#27086246481
1"
#27086247699
0"
#27086248917
1"
#27086250135
0"
#27086251353
1"
#27086252571
0"
#27086253789
1"
#27086255007
0"
#27086255007
0!
#27086256225
1"
#27086257443
0"
#27086257443
1!
#27086257443
0!
#27086258661
1"
#27086259879
0"
#27086259879
1!
#27086261097
1"
#27086262315
0"
#27086262315
0!
#27086263533
1"
#27086264751
0"
#27086265969
1"
#27086267187
0"
#27086268405
1"
#27086269623
0"
#27086269623
1!
#27086270841
1"
#27086272059
0"
#27086273277
1"
#27086274495
0"
#27086274495
0!
#27086275713
1"
#27086276931
0"
#27086278149
1"
#27086279367
0"
#27086279367
1!
#27086279367
0!
#27086280585
1"
#27086281803
0"
#27086283021
1"
#27086284239
0"
#27086285457
1"
#27086286675
0"
#27086287893
1"
#27086289111
0"
#27086290329
1"
#27086291547
0"
#27086292765
1"
#27086293983
0"
#27086295201
1"
#27086296419
0"
#27086297637
1"
#27086298855
0"
#27086300073
1"
#27086301291
0"
#27086301291
1!
#27086317616
0!
#27086318834
1"
#27086320052
1!
#27086603400
0!
#27086604618
0"
#27086604618
1!
#27086605836
1"
#27086607054
0"
#27086607054
0!
#27086608272
1"
#27086609490
0"
#27086610708
1"
#27086611926
0"
#27086613144
1"
#27086614362
0"
#27086615580
1"
#27086616798
0"
#27086618016
1"
#27086619234
0"
#27086619234
1!
#27086620452
1"
#27086621670
0"
#27086621670
0!
#27086622888
1"
#27086624106
0"
#27086625324
1"
#27086626542
0"
#27086626542
1!
#27086631041
0!
#27086632259
1"
#27086633477
0"
#27086634695
1"
#27086635913
0"
#27086637131
1"
#27086638349
0"
#27086639567
1"
#27086640785
0"
#27086640785
1!
#27086642003
1"
#27086643221
0"
#27086644439
1"
#27086645657
0"
#27086646875
1"
#27086648093
0"
#27086648093
0!
#27086649311
1"
#27086650529
0"
#27086651747
1"
#27086652965
0"
#27086652965
1!
#27086654183
1"
#27086655401
0"
#27086656619
1"
#27086657837
0"
#27086659055
1"
#27086660273
0"
#27086661491
1"
#27086662709
0"
#27086662709
0!
#27086663927
1"
#27086665145
0"
#27086665145
1!
#27086666363
1"
#27086667581
0"
#27086668799
1"
#27086670017
0"
#27086670017
0!
#27086671235
1"
#27086672453
0"
#27086673671
1"
#27086674889
0"
#27086674889
1!
#27086674889
0!
#27086676107
1"
#27086677325
0"
#27086678543
1"
#27086679761
0"
#27086680979
1"
#27086682197
0"
#27086683415
1"
#27086684633
0"
#27086684633
1!
#27086685851
1"
#27086687069
0"
#27086688287
1"
#27086689505
0"
#27086690723
1"
#27086691941
0"
#27086693159
1"
#27086694377
0"
#27086694377
0!
#27086695595
1"
#27086696813
0"
#27086696813
1!
#27086696813
0!
#27086698031
1"
#27086699249
0"
#27086700467
1"
#27086701685
0"
#27086701685
1!
#27086702903
1"
#27086704121
0"
#27086704121
0!
#27086705339
1"
#27086706557
0"
#27086706557
1!
#27086707775
1"
#27086708993
0"
#27086708993
0!
#27086710211
1"
#27086711429
0"
#27086712647
1"
#27086713865
0"
#27086713865
1!
#27086715083
1"
#27086716301
0"
#27086716301
0!
#27086717519
1"
#27086718737
0"
#27086718737
1!
#27086718737
0!
#27086719955
1"
#27086721173
0"
#27086722391
1"
#27086723609
0"
#27086724827
1"
#27086726045
0"
#27086727263
1"
#27086728481
0"
#27086729699
1"
#27086730917
0"
#27086732135
1"
#27086733353
0"
#27086734571
1"
#27086735789
0"
#27086735789
1!
#27086737007
1"
#27086738225
0"
#27086738225
0!
#27086739443
1"
#27086740661
0"
#27086740661
1!
#27086756986
0!
#27086758204
1"
#27086759422
1!
#27087042770
0!
#27087043988
0"
#27087043988
1!
#27087045206
1"
#27087046424
0"
#27087046424
0!
#27087047642
1"
#27087048860
0"
#27087050078
1"
#27087051296
0"
#27087052514
1"
#27087053732
0"
#27087054950
1"
#27087056168
0"
#27087057386
1"
#27087058604
0"
#27087058604
1!
#27087059822
1"
#27087061040
0"
#27087061040
0!
#27087062258
1"
#27087063476
0"
#27087064694
1"
#27087065912
0"
#27087065912
1!
#27087069445
0!
#27087070663
1"
#27087071881
0"
#27087073099
1"
#27087074317
0"
#27087075535
1"
#27087076753
0"
#27087076753
1!
#27087077971
1"
#27087079189
0"
#27087079189
0!
#27087080407
1"
#27087081625
0"
#27087082843
1"
#27087084061
0"
#27087084061
1!
#27087085279
1"
#27087086497
0"
#27087086497
0!
#27087087715
1"
#27087088933
0"
#27087090151
1"
#27087091369
0"
#27087091369
1!
#27087092587
1"
#27087093805
0"
#27087095023
1"
#27087096241
0"
#27087096241
0!
#27087097459
1"
#27087098677
0"
#27087098677
1!
#27087099895
1"
#27087101113
0"
#27087102331
1"
#27087103549
0"
#27087103549
0!
#27087104767
1"
#27087105985
0"
#27087107203
1"
#27087108421
0"
#27087108421
1!
#27087109639
1"
#27087110857
0"
#27087110857
0!
#27087112075
1"
#27087113293
0"
#27087113293
1!
#27087113293
0!
#27087114511
1"
#27087115729
0"
#27087116947
1"
#27087118165
0"
#27087119383
1"
#27087120601
0"
#27087121819
1"
#27087123037
0"
#27087124255
1"
#27087125473
0"
#27087126691
1"
#27087127909
0"
#27087129127
1"
#27087130345
0"
#27087131563
1"
#27087132781
0"
#27087133999
1"
#27087135217
0"
#27087135217
1!
#27087136435
1"
#27087137653
0"
#27087138871
1"
#27087140089
0"
#27087140089
0!
#27087141307
1"
#27087142525
0"
#27087142525
1!
#27087143743
1"
#27087144961
0"
#27087146179
1"
#27087147397
0"
#27087147397
0!
#27087148615
1"
#27087149833
0"
#27087151051
1"
#27087152269
0"
#27087152269
1!
#27087153487
1"
#27087154705
0"
#27087154705
0!
#27087155923
1"
#27087157141
0"
#27087157141
1!
#27087157141
0!
#27087158359
1"
#27087159577
0"
#27087160795
1"
#27087162013
0"
#27087163231
1"
#27087164449
0"
#27087165667
1"
#27087166885
0"
#27087168103
1"
#27087169321
0"
#27087170539
1"
#27087171757
0"
#27087171757
1!
#27087172975
1"
#27087174193
0"
#27087174193
0!
#27087175411
1"
#27087176629
0"
#27087177847
1"
#27087179065
0"
#27087179065
1!
#27087195390
0!
#27087196608
1"
#27087197826
1!
#27087481298
0!
#27087482516
0"
#27087482516
1!
#27087483734
1"
#27087484952
0"
#27087484952
0!
#27087486170
1"
#27087487388
0"
#27087488606
1"
#27087489824
0"
#27087491042
1"
#27087492260
0"
#27087493478
1"
#27087494696
0"
#27087495914
1"
#27087497132
0"
#27087498350
1"
#27087499568
0"
#27087500786
1"
#27087502004
0"
#27087503222
1"
#27087504440
0"
#27087504440
1!
#27087508940
0!
#27087510158
1"
#27087511376
0"
#27087512594
1"
#27087513812
0"
#27087513812
1!
#27087515030
1"
#27087516248
0"
#27087516248
0!
#27087517466
1"
#27087518684
0"
#27087519902
1"
#27087521120
0"
#27087521120
1!
#27087522338
1"
#27087523556
0"
#27087524774
1"
#27087525992
0"
#27087525992
0!
#27087527210
1"
#27087528428
0"
#27087529646
1"
#27087530864
0"
#27087530864
1!
#27087530864
0!
#27087532082
1"
#27087533300
0"
#27087534518
1"
#27087535736
0"
#27087536954
1"
#27087538172
0"
#27087538172
1!
#27087539390
1"
#27087540608
0"
#27087541826
1"
#27087543044
0"
#27087543044
0!
#27087544262
1"
#27087545480
0"
#27087546698
1"
#27087547916
0"
#27087549134
1"
#27087550352
0"
#27087551570
1"
#27087552788
0"
#27087552788
1!
#27087552788
0!
#27087554006
1"
#27087555224
0"
#27087556442
1"
#27087557660
0"
#27087558878
1"
#27087560096
0"
#27087561314
1"
#27087562532
0"
#27087563750
1"
#27087564968
0"
#27087564968
1!
#27087566186
1"
#27087567404
0"
#27087568622
1"
#27087569840
0"
#27087571058
1"
#27087572276
0"
#27087572276
0!
#27087573494
1"
#27087574712
0"
#27087574712
1!
#27087574712
0!
#27087575930
1"
#27087577148
0"
#27087577148
1!
#27087578366
1"
#27087579584
0"
#27087579584
0!
#27087580802
1"
#27087582020
0"
#27087583238
1"
#27087584456
0"
#27087584456
1!
#27087585674
1"
#27087586892
0"
#27087586892
0!
#27087588110
1"
#27087589328
0"
#27087589328
1!
#27087590546
1"
#27087591764
0"
#27087592982
1"
#27087594200
0"
#27087594200
0!
#27087595418
1"
#27087596636
0"
#27087596636
1!
#27087596636
0!
#27087597854
1"
#27087599072
0"
#27087600290
1"
#27087601508
0"
#27087602726
1"
#27087603944
0"
#27087605162
1"
#27087606380
0"
#27087606380
1!
#27087607598
1"
#27087608816
0"
#27087608816
0!
#27087610034
1"
#27087611252
0"
#27087612470
1"
#27087613688
0"
#27087614906
1"
#27087616124
0"
#27087617342
1"
#27087618560
0"
#27087618560
1!
#27087634885
0!
#27087636103
1"
#27087637321
1!
#27087920668
0!
#27087921886
0"
#27087921886
1!
#27087923104
1"
#27087924322
0"
#27087924322
0!
#27087925540
1"
#27087926758
0"
#27087927976
1"
#27087929194
0"
#27087930412
1"
#27087931630
0"
#27087932848
1"
#27087934066
0"
#27087935284
1"
#27087936502
0"
#27087937720
1"
#27087938938
0"
#27087940156
1"
#27087941374
0"
#27087942592
1"
#27087943810
0"
#27087943810
1!
#27087948310
0!
#27087949528
1"
#27087950746
0"
#27087951964
1"
#27087953182
0"
#27087953182
1!
#27087954400
1"
#27087955618
0"
#27087955618
0!
#27087956836
1"
#27087958054
0"
#27087958054
1!
#27087959272
1"
#27087960490
0"
#27087960490
0!
#27087961708
1"
#27087962926
0"
#27087962926
1!
#27087964144
1"
#27087965362
0"
#27087965362
0!
#27087966580
1"
#27087967798
0"
#27087969016
1"
#27087970234
0"
#27087970234
1!
#27087971452
1"
#27087972670
0"
#27087973888
1"
#27087975106
0"
#27087976324
1"
#27087977542
0"
#27087978760
1"
#27087979978
0"
#27087981196
1"
#27087982414
0"
#27087982414
0!
#27087983632
1"
#27087984850
0"
#27087984850
1!
#27087986068
1"
#27087987286
0"
#27087988504
1"
#27087989722
0"
#27087989722
0!
#27087990940
1"
#27087992158
0"
#27087992158
1!
#27087992158
0!
#27087993376
1"
#27087994594
0"
#27087995812
1"
#27087997030
0"
#27087998248
1"
#27087999466
0"
#27088000684
1"
#27088001902
0"
#27088003120
1"
#27088004338
0"
#27088004338
1!
#27088005556
1"
#27088006774
0"
#27088007992
1"
#27088009210
0"
#27088010428
1"
#27088011646
0"
#27088011646
0!
#27088012864
1"
#27088014082
0"
#27088014082
1!
#27088014082
0!
#27088015300
1"
#27088016518
0"
#27088017736
1"
#27088018954
0"
#27088018954
1!
#27088020172
1"
#27088021390
0"
#27088021390
0!
#27088022608
1"
#27088023826
0"
#27088023826
1!
#27088025044
1"
#27088026262
0"
#27088027480
1"
#27088028698
0"
#27088029916
1"
#27088031134
0"
#27088031134
0!
#27088032352
1"
#27088033570
0"
#27088034788
1"
#27088036006
0"
#27088036006
1!
#27088036006
0!
#27088037224
1"
#27088038442
0"
#27088039660
1"
#27088040878
0"
#27088042096
1"
#27088043314
0"
#27088044532
1"
#27088045750
0"
#27088045750
1!
#27088046968
1"
#27088048186
0"
#27088048186
0!
#27088049404
1"
#27088050622
0"
#27088051840
1"
#27088053058
0"
#27088053058
1!
#27088054276
1"
#27088055494
0"
#27088055494
0!
#27088056712
1"
#27088057930
0"
#27088057930
1!
#27088071320
0!
#27088072538
1"
#27088073756
1!
#27088289803
0!
#27088291021
0"
#27088291021
1!
#27088292239
1"
#27088293457
0"
#27088293457
0!
#27088294675
1"
#27088295893
0"
#27088297111
1"
#27088298329
0"
#27088299547
1"
#27088300765
0"
#27088301983
1"
#27088303201
0"
#27088304419
1"
#27088305637
0"
#27088306855
1"
#27088308073
0"
#27088309291
1"
#27088310509
0"
#27088311727
1"
#27088312945
0"
#27088312945
1!
#27088317449
0!
#27088318667
1"
#27088319885
0"
#27088321103
1"
#27088322321
0"
#27088322321
1!
#27088323539
1"
#27088324757
0"
#27088324757
0!
#27088325975
1"
#27088327193
0"
#27088327193
1!
#27088328411
1"
#27088329629
0"
#27088330847
1"
#27088332065
0"
#27088333283
1"
#27088334501
0"
#27088334501
0!
#27088335719
1"
#27088336937
0"
#27088338155
1"
#27088339373
0"
#27088339373
1!
#27088340591
1"
#27088341809
0"
#27088343027
1"
#27088344245
0"
#27088344245
0!
#27088345463
1"
#27088346681
0"
#27088346681
1!
#27088347899
1"
#27088349117
0"
#27088350335
1"
#27088351553
0"
#27088352771
1"
#27088353989
0"
#27088355207
1"
#27088356425
0"
#27088356425
0!
#27088357643
1"
#27088358861
0"
#27088360079
1"
#27088361297
0"
#27088361297
1!
#27088361297
0!
#27088362515
1"
#27088363733
0"
#27088364951
1"
#27088366169
0"
#27088367387
1"
#27088368605
0"
#27088369823
1"
#27088371041
0"
#27088371041
1!
#27088372259
1"
#27088373477
0"
#27088373477
0!
#27088374695
1"
#27088375913
0"
#27088377131
1"
#27088378349
0"
#27088379567
1"
#27088380785
0"
#27088382003
1"
#27088383221
0"
#27088383221
1!
#27088383221
0!
#27088384439
1"
#27088385657
0"
#27088385657
1!
#27088386875
1"
#27088388093
0"
#27088388093
0!
#27088389311
1"
#27088390529
0"
#27088391747
1"
#27088392965
0"
#27088394183
1"
#27088395401
0"
#27088395401
1!
#27088396619
1"
#27088397837
0"
#27088397837
0!
#27088399055
1"
#27088400273
0"
#27088401491
1"
#27088402709
0"
#27088403927
1"
#27088405145
0"
#27088405145
1!
#27088405145
0!
#27088406363
1"
#27088407581
0"
#27088408799
1"
#27088410017
0"
#27088411235
1"
#27088412453
0"
#27088413671
1"
#27088414889
0"
#27088414889
1!
#27088416107
1"
#27088417325
0"
#27088417325
0!
#27088418543
1"
#27088419761
0"
#27088420979
1"
#27088422197
0"
#27088422197
1!
#27088423415
1"
#27088424633
0"
#27088424633
0!
#27088425851
1"
#27088427069
0"
#27088427069
1!
#27088443394
0!
#27088444612
1"
#27088445830
1!
#27088729177
0!
#27088730395
0"
#27088730395
1!
#27088731613
1"
#27088732831
0"
#27088732831
0!
#27088734049
1"
#27088735267
0"
#27088736485
1"
#27088737703
0"
#27088738921
1"
#27088740139
0"
#27088741357
1"
#27088742575
0"
#27088743793
1"
#27088745011
0"
#27088746229
1"
#27088747447
0"
#27088748665
1"
#27088749883
0"
#27088751101
1"
#27088752319
0"
#27088752319
1!
#27088756819
0!
#27088758037
1"
#27088759255
0"
#27088760473
1"
#27088761691
0"
#27088762909
1"
#27088764127
0"
#27088764127
1!
#27088765345
1"
#27088766563
0"
#27088766563
0!
#27088767781
1"
#27088768999
0"
#27088768999
1!
#27088770217
1"
#27088771435
0"
#27088772653
1"
#27088773871
0"
#27088773871
0!
#27088775089
1"
#27088776307
0"
#27088777525
1"
#27088778743
0"
#27088778743
1!
#27088779961
1"
#27088781179
0"
#27088781179
0!
#27088782397
1"
#27088783615
0"
#27088784833
1"
#27088786051
0"
#27088787269
1"
#27088788487
0"
#27088788487
1!
#27088789705
1"
#27088790923
0"
#27088792141
1"
#27088793359
0"
#27088793359
0!
#27088794577
1"
#27088795795
0"
#27088797013
1"
#27088798231
0"
#27088799449
1"
#27088800667
0"
#27088800667
1!
#27088800667
0!
#27088801885
1"
#27088803103
0"
#27088804321
1"
#27088805539
0"
#27088806757
1"
#27088807975
0"
#27088809193
1"
#27088810411
0"
#27088811629
1"
#27088812847
0"
#27088814065
1"
#27088815283
0"
#27088815283
1!
#27088816501
1"
#27088817719
0"
#27088818937
1"
#27088820155
0"
#27088820155
0!
#27088821373
1"
#27088822591
0"
#27088822591
1!
#27088823809
1"
#27088825027
0"
#27088825027
0!
#27088826245
1"
#27088827463
0"
#27088827463
1!
#27088828681
1"
#27088829899
0"
#27088831117
1"
#27088832335
0"
#27088833553
1"
#27088834771
0"
#27088835989
1"
#27088837207
0"
#27088838425
1"
#27088839643
0"
#27088840861
1"
#27088842079
0"
#27088842079
0!
#27088843297
1"
#27088844515
0"
#27088844515
1!
#27088844515
0!
#27088845733
1"
#27088846951
0"
#27088848169
1"
#27088849387
0"
#27088850605
1"
#27088851823
0"
#27088853041
1"
#27088854259
0"
#27088855477
1"
#27088856695
0"
#27088856695
1!
#27088857913
1"
#27088859131
0"
#27088859131
0!
#27088860349
1"
#27088861567
0"
#27088862785
1"
#27088864003
0"
#27088865221
1"
#27088866439
0"
#27088866439
1!
#27088882764
0!
#27088883982
1"
#27088885200
1!
#27089163710
0!
#27089164928
0"
#27089164928
1!
#27089166146
1"
#27089167364
0"
#27089167364
0!
#27089168582
1"
#27089169800
0"
#27089171018
1"
#27089172236
0"
#27089173454
1"
#27089174672
0"
#27089175890
1"
#27089177108
0"
#27089178326
1"
#27089179544
0"
#27089180762
1"
#27089181980
0"
#27089183198
1"
#27089184416
0"
#27089185634
1"
#27089186852
0"
#27089186852
1!
#27089191672
0!
#27089192890
1"
#27089194108
0"
#27089195326
1"
#27089196544
0"
#27089197762
1"
#27089198980
0"
#27089198980
1!
#27089200198
1"
#27089201416
0"
#27089202634
1"
#27089203852
0"
#27089203852
0!
#27089205070
1"
#27089206288
0"
#27089206288
1!
#27089207506
1"
#27089208724
0"
#27089208724
0!
#27089209942
1"
#27089211160
0"
#27089212378
1"
#27089213596
0"
#27089213596
1!
#27089213596
0!
#27089214814
1"
#27089216032
0"
#27089216032
1!
#27089217250
1"
#27089218468
0"
#27089219686
1"
#27089220904
0"
#27089220904
0!
#27089222122
1"
#27089223340
0"
#27089223340
1!
#27089224558
1"
#27089225776
0"
#27089226994
1"
#27089228212
0"
#27089229430
1"
#27089230648
0"
#27089231866
1"
#27089233084
0"
#27089233084
0!
#27089234302
1"
#27089235520
0"
#27089235520
1!
#27089235520
0!
#27089236738
1"
#27089237956
0"
#27089239174
1"
#27089240392
0"
#27089241610
1"
#27089242828
0"
#27089244046
1"
#27089245264
0"
#27089246482
1"
#27089247700
0"
#27089247700
1!
#27089248918
1"
#27089250136
0"
#27089250136
0!
#27089251354
1"
#27089252572
0"
#27089253790
1"
#27089255008
0"
#27089256226
1"
#27089257444
0"
#27089257444
1!
#27089258662
1"
#27089259880
0"
#27089259880
0!
#27089261098
1"
#27089262316
0"
#27089262316
1!
#27089263534
1"
#27089264752
0"
#27089264752
0!
#27089265970
1"
#27089267188
0"
#27089268406
1"
#27089269624
0"
#27089270842
1"
#27089272060
0"
#27089272060
1!
#27089273278
1"
#27089274496
0"
#27089274496
0!
#27089275714
1"
#27089276932
0"
#27089278150
1"
#27089279368
0"
#27089279368
1!
#27089279368
0!
#27089280586
1"
#27089281804
0"
#27089283022
1"
#27089284240
0"
#27089285458
1"
#27089286676
0"
#27089287894
1"
#27089289112
0"
#27089290330
1"
#27089291548
0"
#27089291548
1!
#27089292766
1"
#27089293984
0"
#27089293984
0!
#27089295202
1"
#27089296420
0"
#27089296420
1!
#27089297638
1"
#27089298856
0"
#27089298856
0!
#27089300074
1"
#27089301292
0"
#27089301292
1!
#27089317617
0!
#27089318835
1"
#27089320053
1!
#27089603400
0!
#27089604618
0"
#27089604618
1!
#27089605836
1"
#27089607054
0"
#27089607054
0!
#27089608272
1"
#27089609490
0"
#27089610708
1"
#27089611926
0"
#27089613144
1"
#27089614362
0"
#27089615580
1"
#27089616798
0"
#27089618016
1"
#27089619234
0"
#27089620452
1"
#27089621670
0"
#27089622888
1"
#27089624106
0"
#27089625324
1"
#27089626542
0"
#27089626542
1!
#27089631042
0!
#27089632260
1"
#27089633478
0"
#27089634696
1"
#27089635914
0"
#27089637132
1"
#27089638350
0"
#27089638350
1!
#27089639568
1"
#27089640786
0"
#27089642004
1"
#27089643222
0"
#27089644440
1"
#27089645658
0"
#27089646876
1"
#27089648094
0"
#27089648094
0!
#27089649312
1"
#27089650530
0"
#27089651748
1"
#27089652966
0"
#27089652966
1!
#27089652966
0!
#27089654184
1"
#27089655402
0"
#27089655402
1!
#27089656620
1"
#27089657838
0"
#27089657838
0!
#27089659056
1"
#27089660274
0"
#27089660274
1!
#27089661492
1"
#27089662710
0"
#27089662710
0!
#27089663928
1"
#27089665146
0"
#27089666364
1"
#27089667582
0"
#27089667582
1!
#27089668800
1"
#27089670018
0"
#27089670018
0!
#27089671236
1"
#27089672454
0"
#27089673672
1"
#27089674890
0"
#27089674890
1!
#27089674890
0!
#27089676108
1"
#27089677326
0"
#27089678544
1"
#27089679762
0"
#27089680980
1"
#27089682198
0"
#27089683416
1"
#27089684634
0"
#27089685852
1"
#27089687070
0"
#27089687070
1!
#27089688288
1"
#27089689506
0"
#27089689506
0!
#27089690724
1"
#27089691942
0"
#27089691942
1!
#27089693160
1"
#27089694378
0"
#27089694378
0!
#27089695596
1"
#27089696814
0"
#27089696814
1!
#27089698032
1"
#27089699250
0"
#27089699250
0!
#27089700468
1"
#27089701686
0"
#27089701686
1!
#27089702904
1"
#27089704122
0"
#27089705340
1"
#27089706558
0"
#27089707776
1"
#27089708994
0"
#27089708994
0!
#27089710212
1"
#27089711430
0"
#27089712648
1"
#27089713866
0"
#27089715084
1"
#27089716302
0"
#27089717520
1"
#27089718738
0"
#27089718738
1!
#27089718738
0!
#27089719956
1"
#27089721174
0"
#27089722392
1"
#27089723610
0"
#27089724828
1"
#27089726046
0"
#27089727264
1"
#27089728482
0"
#27089729700
1"
#27089730918
0"
#27089730918
1!
#27089732136
1"
#27089733354
0"
#27089733354
0!
#27089734572
1"
#27089735790
0"
#27089735790
1!
#27089737008
1"
#27089738226
0"
#27089738226
0!
#27089739444
1"
#27089740662
0"
#27089740662
1!
#27089756987
0!
#27089758205
1"
#27089759423
1!
#27090042771
0!
#27090043989
0"
#27090043989
1!
#27090045207
1"
#27090046425
0"
#27090046425
0!
#27090047643
1"
#27090048861
0"
#27090050079
1"
#27090051297
0"
#27090052515
1"
#27090053733
0"
#27090054951
1"
#27090056169
0"
#27090057387
1"
#27090058605
0"
#27090059823
1"
#27090061041
0"
#27090062259
1"
#27090063477
0"
#27090064695
1"
#27090065913
0"
#27090065913
1!
#27090069446
0!
#27090070664
1"
#27090071882
0"
#27090073100
1"
#27090074318
0"
#27090075536
1"
#27090076754
0"
#27090077972
1"
#27090079190
0"
#27090080408
1"
#27090081626
0"
#27090081626
1!
#27090082844
1"
#27090084062
0"
#27090085280
1"
#27090086498
0"
#27090086498
0!
#27090087716
1"
#27090088934
0"
#27090090152
1"
#27090091370
0"
#27090091370
1!
#27090091370
0!
#27090092588
1"
#27090093806
0"
#27090095024
1"
#27090096242
0"
#27090097460
1"
#27090098678
0"
#27090099896
1"
#27090101114
0"
#27090102332
1"
#27090103550
0"
#27090104768
1"
#27090105986
0"
#27090107204
1"
#27090108422
0"
#27090109640
1"
#27090110858
0"
#27090112076
1"
#27090113294
0"
#27090113294
1!
#27090113294
0!
#27090114512
1"
#27090115730
0"
#27090116948
1"
#27090118166
0"
#27090119384
1"
#27090120602
0"
#27090121820
1"
#27090123038
0"
#27090124256
1"
#27090125474
0"
#27090126692
1"
#27090127910
0"
#27090129128
1"
#27090130346
0"
#27090131564
1"
#27090132782
0"
#27090134000
1"
#27090135218
0"
#27090135218
1!
#27090135218
0!
#27090136436
1"
#27090137654
0"
#27090138872
1"
#27090140090
0"
#27090140090
1!
#27090141308
1"
#27090142526
0"
#27090143744
1"
#27090144962
0"
#27090144962
0!
#27090146180
1"
#27090147398
0"
#27090148616
1"
#27090149834
0"
#27090149834
1!
#27090151052
1"
#27090152270
0"
#27090153488
1"
#27090154706
0"
#27090154706
0!
#27090155924
1"
#27090157142
0"
#27090157142
1!
#27090157142
0!
#27090158360
1"
#27090159578
0"
#27090160796
1"
#27090162014
0"
#27090163232
1"
#27090164450
0"
#27090165668
1"
#27090166886
0"
#27090168104
1"
#27090169322
0"
#27090170540
1"
#27090171758
0"
#27090172976
1"
#27090174194
0"
#27090174194
1!
#27090175412
1"
#27090176630
0"
#27090176630
0!
#27090177848
1"
#27090179066
0"
#27090179066
1!
#27090195546
0!
#27090196764
1"
#27090197982
1!
#27090483304
0!
#27090484522
0"
#27090484522
1!
#27090485740
1"
#27090486958
0"
#27090486958
0!
#27090488176
1"
#27090489394
0"
#27090490612
1"
#27090491830
0"
#27090493048
1"
#27090494266
0"
#27090495484
1"
#27090496702
0"
#27090497920
1"
#27090499138
0"
#27090500356
1"
#27090501574
0"
#27090502792
1"
#27090504010
0"
#27090505228
1"
#27090506446
0"
#27090506446
1!
#27090510929
0!
#27090512147
1"
#27090513365
0"
#27090514583
1"
#27090515801
0"
#27090517019
1"
#27090518237
0"
#27090519455
1"
#27090520673
0"
#27090520673
1!
#27090521891
1"
#27090523109
0"
#27090523109
0!
#27090524327
1"
#27090525545
0"
#27090525545
1!
#27090526763
1"
#27090527981
0"
#27090527981
0!
#27090529199
1"
#27090530417
0"
#27090531635
1"
#27090532853
0"
#27090532853
1!
#27090534071
1"
#27090535289
0"
#27090536507
1"
#27090537725
0"
#27090538943
1"
#27090540161
0"
#27090540161
0!
#27090541379
1"
#27090542597
0"
#27090543815
1"
#27090545033
0"
#27090546251
1"
#27090547469
0"
#27090547469
1!
#27090548687
1"
#27090549905
0"
#27090551123
1"
#27090552341
0"
#27090552341
0!
#27090553559
1"
#27090554777
0"
#27090554777
1!
#27090554777
0!
#27090555995
1"
#27090557213
0"
#27090558431
1"
#27090559649
0"
#27090560867
1"
#27090562085
0"
#27090563303
1"
#27090564521
0"
#27090565739
1"
#27090566957
0"
#27090568175
1"
#27090569393
0"
#27090570611
1"
#27090571829
0"
#27090573047
1"
#27090574265
0"
#27090575483
1"
#27090576701
0"
#27090576701
1!
#27090576701
0!
#27090577919
1"
#27090579137
0"
#27090580355
1"
#27090581573
0"
#27090582791
1"
#27090584009
0"
#27090584009
1!
#27090585227
1"
#27090586445
0"
#27090586445
0!
#27090587663
1"
#27090588881
0"
#27090588881
1!
#27090590099
1"
#27090591317
0"
#27090592535
1"
#27090593753
0"
#27090593753
0!
#27090594971
1"
#27090596189
0"
#27090597407
1"
#27090598625
0"
#27090598625
1!
#27090598625
0!
#27090599843
1"
#27090601061
0"
#27090602279
1"
#27090603497
0"
#27090604715
1"
#27090605933
0"
#27090607151
1"
#27090608369
0"
#27090609587
1"
#27090610805
0"
#27090612023
1"
#27090613241
0"
#27090613241
1!
#27090614459
1"
#27090615677
0"
#27090615677
0!
#27090616895
1"
#27090618113
0"
#27090619331
1"
#27090620549
0"
#27090620549
1!
#27090636874
0!
#27090638092
1"
#27090639310
1!
#27090922657
0!
#27090923875
0"
#27090923875
1!
#27090925093
1"
#27090926311
0"
#27090926311
0!
#27090927529
1"
#27090928747
0"
#27090929965
1"
#27090931183
0"
#27090932401
1"
#27090933619
0"
#27090934837
1"
#27090936055
0"
#27090937273
1"
#27090938491
0"
#27090939709
1"
#27090940927
0"
#27090942145
1"
#27090943363
0"
#27090944581
1"
#27090945799
0"
#27090945799
1!
#27090950299
0!
#27090951517
1"
#27090952735
0"
#27090953953
1"
#27090955171
0"
#27090956389
1"
#27090957607
0"
#27090958825
1"
#27090960043
0"
#27090960043
1!
#27090961261
1"
#27090962479
0"
#27090963697
1"
#27090964915
0"
#27090966133
1"
#27090967351
0"
#27090967351
0!
#27090968569
1"
#27090969787
0"
#27090971005
1"
#27090972223
0"
#27090972223
1!
#27090973441
1"
#27090974659
0"
#27090975877
1"
#27090977095
0"
#27090977095
0!
#27090978313
1"
#27090979531
0"
#27090980749
1"
#27090981967
0"
#27090983185
1"
#27090984403
0"
#27090984403
1!
#27090985621
1"
#27090986839
0"
#27090988057
1"
#27090989275
0"
#27090989275
0!
#27090990493
1"
#27090991711
0"
#27090992929
1"
#27090994147
0"
#27090994147
1!
#27090994147
0!
#27090995365
1"
#27090996583
0"
#27090997801
1"
#27090999019
0"
#27091000237
1"
#27091001455
0"
#27091002673
1"
#27091003891
0"
#27091005109
1"
#27091006327
0"
#27091007545
1"
#27091008763
0"
#27091009981
1"
#27091011199
0"
#27091011199
1!
#27091012417
1"
#27091013635
0"
#27091013635
0!
#27091014853
1"
#27091016071
0"
#27091016071
1!
#27091016071
0!
#27091017289
1"
#27091018507
0"
#27091019725
1"
#27091020943
0"
#27091020943
1!
#27091022161
1"
#27091023379
0"
#27091023379
0!
#27091024597
1"
#27091025815
0"
#27091025815
1!
#27091027033
1"
#27091028251
0"
#27091029469
1"
#27091030687
0"
#27091030687
0!
#27091031905
1"
#27091033123
0"
#27091034341
1"
#27091035559
0"
#27091036777
1"
#27091037995
0"
#27091037995
1!
#27091037995
0!
#27091039213
1"
#27091040431
0"
#27091041649
1"
#27091042867
0"
#27091044085
1"
#27091045303
0"
#27091046521
1"
#27091047739
0"
#27091048957
1"
#27091050175
0"
#27091051393
1"
#27091052611
0"
#27091052611
1!
#27091053829
1"
#27091055047
0"
#27091055047
0!
#27091056265
1"
#27091057483
0"
#27091058701
1"
#27091059919
0"
#27091059919
1!
#27091069454
0!
#27091070672
1"
#27091071890
1!
#194373593216
1!
